ID,Text,Task 1,Political,Racial,Religious,Gender,Other,Keywords,Source Link,Keyphrase
mya_83d5ff72,မဟာသရေစည်သူ ဦးသန့် (၂၂ ဇန်နဝါရီ ၁၉၀၉ – ၂၅ နိုဝင်ဘာ ၁၉၇၄) သည် မြန်မာနိုင်ငံသား သံတမန်တစ်ဦးဖြစ်ပြီး ကမ္ဘာ့ကုလသမဂ္ဂ၏ တတိယမြောက် အထွေထွေ အတွင်းရေးမှူးချုပ်ဖြစ်ကာ ၁၉၆၁ မှ ၁၉၇၁ ခုနှစ်အထိ တာဝန်ထမ်းဆောင်ခဲ့သည် ။,0,0,0,0,0,0,,https://my.wikipedia.org/wiki/%E1%80%A6%E1%80%B8%E1%80%9E%E1%80%94%E1%80%B7%E1%80%BA,
mya_eca7537a,ကုလသမဂ္ဂ၏ ဒုတိယမြောက် အထွေထွေအတွင်းရေးမှူးချုပ် ဒက်ဟမ်းမားရှိုး ၁၉၆၁ ခုနှစ် စက်တင်ဘာလအတွင်း လေယာဉ်ပျက်ကျ သေဆုံးပြီးနောက်ပိုင်း ၎င်း၏ နေရာတွင် အရွေးချယ်ခံခဲ့ရခြင်း ဖြစ်ကာ အထွေထွေအတွင်းရေးမှူးချုပ်တာဝန်ကို ဥရောပသားမဟုတ်သူများထဲမှ ပထမဆုံးထမ်းဆောင်သူလည်း ဖြစ်သည် ။,0,0,0,0,0,0,,https://my.wikipedia.org/wiki/%E1%80%A6%E1%80%B8%E1%80%9E%E1%80%94%E1%80%B7%E1%80%BA,
mya_ae9c068c,အာရှတွင် ပထမဦးဆုံး ကုလသမဂ္ဂ အထွေထွေ အတွင်းရေးမှူးချုပ် ဖြစ်သည် ။,0,0,0,0,0,0,,https://my.wikipedia.org/wiki/%E1%80%A6%E1%80%B8%E1%80%9E%E1%80%94%E1%80%B7%E1%80%BA,
mya_2978e447,ဦးသန့်အား ၎င်းမွေးဖွားရာ ပန်းတနော်မြို့ကို ရည်စူး၍ ပန်းတနော် ဦးသန့် ဟု အမည်တွင်ခဲ့သည် ။,0,0,0,0,0,0,,https://my.wikipedia.org/wiki/%E1%80%A6%E1%80%B8%E1%80%9E%E1%80%94%E1%80%B7%E1%80%BA,
mya_ce6cf68c,အင်္ဂလိပ်လိုမှာ U Thant ဖြစ်သည် ။,0,0,0,0,0,0,,https://my.wikipedia.org/wiki/%E1%80%A6%E1%80%B8%E1%80%9E%E1%80%94%E1%80%B7%E1%80%BA,
mya_d2707105,ဦးသန့်ကို ၁၉ဝ၉- ခုနှစ်ဇန်နဝါရီလ ၂၂ ရက်သောကြာနေ့တွင် ဧရာဝတီတိုင်း၊ ပန်းတနော်မြို့၌ အဖဦးဖိုးနှစ်၊ အမိ ဒေါ်နန်းသောင်တို့ မှ ဖွားမြင်ခဲ့လေသည် ။,0,0,0,0,0,0,,https://my.wikipedia.org/wiki/%E1%80%A6%E1%80%B8%E1%80%9E%E1%80%94%E1%80%B7%E1%80%BA,
mya_adf4ced0,မွေးချင်း ညီအစ်ကို လေးဦးအနက် အကြီးဆုံးဖြစ်သည် ။,0,0,0,0,0,0,,https://my.wikipedia.org/wiki/%E1%80%A6%E1%80%B8%E1%80%9E%E1%80%94%E1%80%B7%E1%80%BA,
mya_42f851a9,မိဘများမှာ အောင်မြင်သော မြေပိုင်ရှင်နှင့် ဆန်ကုန်သည်များဖြစ်ကြသည် ။,0,0,0,0,0,0,,https://my.wikipedia.org/wiki/%E1%80%A6%E1%80%B8%E1%80%9E%E1%80%94%E1%80%B7%E1%80%BA,
mya_5fa6c4b3,ဖခင်ဦးဖိုးနှစ်သည် ကာလကတ္တား မြို့ (ယခု ကိုလ်းကားတား) အထိ သွားရောက်ပညာသင်ကြားခဲ့ဖူးသူဖြစ်ရာ အင်္ဂလိပ်စာကို ကောင်းစွာတတ်ကျွမ်းသူ ဖြစ်သည် ။,0,0,0,0,0,0,,https://my.wikipedia.org/wiki/%E1%80%A6%E1%80%B8%E1%80%9E%E1%80%94%E1%80%B7%E1%80%BA,
mya_50cc2c59,ဦးသန့်၏ဖခင် ဦးဖိုးနှစ်၏ အမျိုးအနွယ်တို့မှာ ဗုဒ္ဓဘာသာကိုယုံကြည်ကြသူများ ဖြစ်ကြပြီး ရန်ကုန်မြို့၌ သူရိယသတင်းစာကို ထူထောင်ခဲ့သည် ။,0,0,0,0,0,0,,https://my.wikipedia.org/wiki/%E1%80%A6%E1%80%B8%E1%80%9E%E1%80%94%E1%80%B7%E1%80%BA,
mya_b3252f89,ထိုခေတ်က မြန်မာလူမျိုးများတွင် အင်္ဂလိပ်စာ တတ်ကျွမ်းသူ ရှားပါးလှရာ၊ မောင်သန့်လေးမှာ ဖခင်ထံမှ အင်္ဂလိပ်စာနှင့် စာပေဗဟုသုတတို့ကို သင်ယူလေ့လာ ဆည်းပူးခွင့် ရရှိခဲ့လေသည် ။,0,0,0,0,0,0,,https://my.wikipedia.org/wiki/%E1%80%A6%E1%80%B8%E1%80%9E%E1%80%94%E1%80%B7%E1%80%BA,
mya_3c515321,မြန်မာနိုင်ငံသုတေသနအသင်းကို တည်ထောင်ရာတွင်လည်း အဖွဲ့ဝင်တစ်ယောက်အဖြစ် ပါဝင်ခဲ့သည် ။,0,0,0,0,0,0,,https://my.wikipedia.org/wiki/%E1%80%A6%E1%80%B8%E1%80%9E%E1%80%94%E1%80%B7%E1%80%BA,
mya_7bcc89f0,မောင်သန့်သည် ငယ်စဉ်ကပင် စာရေးဆရာလုပ်ရန် ဝါသနာ ထုံခဲ့ရာ ရှေးခေတ်မြန်မာစာပေ ပညာရှင်ကြီးများရေးသားခဲ့သော ပျို့၊ ကဗျာ၊ မော်ကွန်းရာဇဝင်စသည့် ရှေးဟောင်းစာပေများနှင့် ရာဇဝင်များကို အချိန်ရလျှင်ရသလို လေ့လာလိုက်စားခဲ့သည် ။,0,0,0,0,0,0,,https://my.wikipedia.org/wiki/%E1%80%A6%E1%80%B8%E1%80%9E%E1%80%94%E1%80%B7%E1%80%BA,
mya_0b7d6ed2,ဤသို့ ရှင်မဟာရဋ္ဌသာရ၊ ရှင်မဟာ သီလဝံသမှ စ၍ နတ်ရှင်နောင်၊ နဝဒေး၊ လှိုင်ထိပ်ခေါင်တင်၊ မြဝတီမင်းကြီးဦးစ၊ စလေဦးပုည အဆုံး မြန်မာစာဆို တော်ကြီးများ၏ လက်ရာအဖုံဖုံကို လေ့လာဖတ်ရှုမှတ်သားခဲ့သည် ။,0,0,0,0,0,0,,https://my.wikipedia.org/wiki/%E1%80%A6%E1%80%B8%E1%80%9E%E1%80%94%E1%80%B7%E1%80%BA,
mya_74a7d812,မောင်သန့် ၁၂ နှစ်သားအရွယ်မှာပင် ဖခင်ဖြစ်သူ၏စာအုပ်စင်မှ ရှိတ်စပီးယား၊ နာမည်ကျော် စုံထောက် စာရေးဆရာ ဆာအာသာကိုနင်ဒွိုင်း စသူတို့၏ အင်္ဂလိပ်ဝတ္တုကြီးများကို မွှေနှောက်ရှာဖွေ၍ ဖတ်ရှုတတ် နေလေပြီ ။,0,0,0,0,0,0,,https://my.wikipedia.org/wiki/%E1%80%A6%E1%80%B8%E1%80%9E%E1%80%94%E1%80%B7%E1%80%BA,
mya_68b12b1b,သို့သော် မောင်သန့်အသက် ၁၄ နှစ်အရွယ်တွင် ဖခင်ကြီးရုတ်တရက်ကွယ်လွန်သွားခဲ့ရာ၊ မိခင်ဖြစ်သူ ဒေါ်နန်းသောင်မှာ သားလေးယောက်နှင့်ဘဝကို ရုန်းကန်ကြိုးစားရတော့သည် ။,0,0,0,0,0,0,,https://my.wikipedia.org/wiki/%E1%80%A6%E1%80%B8%E1%80%9E%E1%80%94%E1%80%B7%E1%80%BA,
mya_7f271507,ပန်းတနော်အထက်တန်းကျောင်းနှင့် ရန်ကုန်တက္ကသိုလ်တွင် သမိုင်းဘာသာရပ်ကို သင်ယူ လေ့လာခဲ့သည် ။,0,0,0,0,0,0,,https://my.wikipedia.org/wiki/%E1%80%A6%E1%80%B8%E1%80%9E%E1%80%94%E1%80%B7%E1%80%BA,
mya_edc46d2a,တက္ကသိုလ် ပြီးဆုံးသောအခါ ပန်းတနော်မြို့ အမျိုးသားကျောင်းတွင် ဆရာလုပ်ရန် ပြန်လာခဲ့သည် ။,0,0,0,0,0,0,,https://my.wikipedia.org/wiki/%E1%80%A6%E1%80%B8%E1%80%9E%E1%80%94%E1%80%B7%E1%80%BA,
mya_eceaccc7,အသက် ၂၅ နှစ်တွင် ထိုကျောင်း၏ ကျောင်းအုပ် ဖြစ်လာခဲ့သည် ။,0,0,0,0,0,0,,https://my.wikipedia.org/wiki/%E1%80%A6%E1%80%B8%E1%80%9E%E1%80%94%E1%80%B7%E1%80%BA,
mya_01ed7c53,ထိုအချိန်တွင် အနီးအနားရှိ မအူပင်မြို့တွင် နေထိုင်ပြီး ပညာအုပ်ဖြစ်သော နောင်တစ်ချိန်၌ မြန်မာနိုင်ငံ၏ ဝန်ကြီးချုပ်ဖြစ်လာမည့် ဦးနု နှင့် ခင်မင်ရင်းနှီးခဲ့သည် ။,0,0,0,0,0,0,,https://my.wikipedia.org/wiki/%E1%80%A6%E1%80%B8%E1%80%9E%E1%80%94%E1%80%B7%E1%80%BA,
mya_103bc072,ဦးသန့်သည် သီလဝ ဟူသော ကလောင်အမည်ဖြင့် အချို့မဂ္ဂဇင်းနှင့် သတင်းစာအတွက် ဆောင်းပါး အပတ်စဉ်ရေးပေးသည် ။,0,0,0,0,0,0,,https://my.wikipedia.org/wiki/%E1%80%A6%E1%80%B8%E1%80%9E%E1%80%94%E1%80%B7%E1%80%BA,
mya_cccb23e0,ဦးသန့်သည် စာအုပ်အချို့ကိုလည်း ဘာသာပြန်ခဲ့သည် ။,0,0,0,0,0,0,,https://my.wikipedia.org/wiki/%E1%80%A6%E1%80%B8%E1%80%9E%E1%80%94%E1%80%B7%E1%80%BA,
mya_9ec3ad16,လွတ်လပ်ရေးရခါစမြန်မာနိုင်ငံတွင် ဦးနု ဝန်ကြီးချုပ် ဖြစ်လာသောအခါ ဦးသန့်ကို ရန်ကုန်သို့ ခေါ်ယူပြီး ၁၉၄၈ ခုနှစ်တွင် အသံလွှင့်ဌာန၏ ညွှန်ကြားရေးမှူးအဖြစ် တာဝန်ပေးအပ်ခဲ့သည် ။,0,0,0,0,0,0,,https://my.wikipedia.org/wiki/%E1%80%A6%E1%80%B8%E1%80%9E%E1%80%94%E1%80%B7%E1%80%BA,
mya_4e71b928,နောက်နှစ်များတွင် ဦးသန့်အား မြန်မာအစိုးရ၏ ပြန်ကြားရေး ဝန်ကြီးဌာနတွင် အတွင်းရေးမှူးအဖြစ် တာဝန်ပေးအပ်ခြင်း ခံခဲ့ရသည် ။,0,0,0,0,0,0,,https://my.wikipedia.org/wiki/%E1%80%A6%E1%80%B8%E1%80%9E%E1%80%94%E1%80%B7%E1%80%BA,
mya_55e7464e,ဦးသန့်သည် ၁၉၅၁ ခုနှစ် မှ ၁၉၅၇ ခုနှစ်အထိ ဝန်ကြီးချုပ်၏ အတွင်းရေးမှူးအဖြစ် တာဝန်ထမ်းဆောင်ခဲ့ပြီး မိန့်ခွန်းများ ရေးသားပေးခြင်း၊ နိုင်ငံခြား ခရီးစဉ်များ စီစဉ်ပေးခြင်း နှင့် နိုင်ငံခြားမှ ဧည့်သည်တော်များကို လက်ခံတွေ့ဆုံခြင်းတို့ကို ဆောင်ရွက်ခဲ့သည် ။,0,0,0,0,0,0,,https://my.wikipedia.org/wiki/%E1%80%A6%E1%80%B8%E1%80%9E%E1%80%94%E1%80%B7%E1%80%BA,
mya_6bd64d8f,နိုင်ငံတကာ ကွန်ဖရင့် အများအပြားကို တက်ရောက်ခဲ့ပြီး ၁၉၅၅ ခုနှစ် အင်ဒိုနီးရှားနိုင်ငံ ဘန်ဒေါင်းမြို့ တွင် ကျင်းပသည့် ဘက်မလိုက်လှုပ်ရှားမှု ကို မွေးဖွားပေးခဲ့သော ပထမအကြိမ် အာရှ - အာဖရိက နိုင်ငံများဆိုင်ရာ ညီလာခံတွင် အတွင်းရေးမှူး အဖြစ်ဆောင်ရွက်ခဲ့သည် ။,0,0,0,0,0,0,,https://my.wikipedia.org/wiki/%E1%80%A6%E1%80%B8%E1%80%9E%E1%80%94%E1%80%B7%E1%80%BA,
mya_8f3e363b,မြို့မကျောင်း အုပ်ချုပ်ရေးအဖွဲ့ဝင်လူကြီးအဖြစ်လည်း ဆောင်ရွက်ခဲ့သည် ။,0,0,0,0,0,0,,https://my.wikipedia.org/wiki/%E1%80%A6%E1%80%B8%E1%80%9E%E1%80%94%E1%80%B7%E1%80%BA,
mya_aa936c17,နောင်တွင် တည့်တည့်မှန်မှန်လုပ်တတ်သော၊ မှန်သည်ထင်လျှင် အလျှော့မပေးတတ်သော ဦးသန့် နှင့် တိုင်းပြည်ခေါင်းဆောင်ဖြစ်သည့် ဦးနုတို့ မသင့်မမြတ်ဖြစ်ရာမှ ၁၉၅၇ ခုနှစ်တွင် ဦးသန့်အား ကုလသမဂ္ဂဆိုင်ရာ မြန်မာသံအမတ်ကြီးအဖြစ် ခန့်အပ်ကာ တာဝန်ထမ်းဆောင်ရန် အမေရိကန်ပြည်ထောင်စု၊ နယူးယောက်မြို့သို့ စေလွတ်ခဲ့သည် ။,0,0,0,0,0,0,,https://my.wikipedia.org/wiki/%E1%80%A6%E1%80%B8%E1%80%9E%E1%80%94%E1%80%B7%E1%80%BA,
mya_fbf54989,ဦးသန့်သည် ၁၉၅၇ ခုနှစ်မှ ၁၉၆၁ ခုနှစ်အထိ မြန်မာနိုင်ငံ၏ ကုလသမဂ္ဂအမြဲတမ်းကိုယ်စားလှယ် အဖြစ်သာမက အယ်လ်ဂျီးရီးယားနိုင်ငံ၏ လွတ်လပ်ရေး စေ့စပ်ဆွေးနွေးမှုများတွင်လည်း ပါဝင်ခဲ့သည် ။,0,0,0,0,0,0,,https://my.wikipedia.org/wiki/%E1%80%A6%E1%80%B8%E1%80%9E%E1%80%94%E1%80%B7%E1%80%BA,
mya_9d5b598c,၁၉၆၀ ခုနှစ်တွင် မြန်မာအစိုးရသည် ဦးသန့်ကို ပြည်ထောင်စုစည်သူသင်္ဂဟ ပြန်တမ်းအရ မဟာသရေစည်သူဘွဲ့နှင့် ဗိုလ်ရာထူး ပေးအပ်သည် ။,0,0,0,0,0,0,,https://my.wikipedia.org/wiki/%E1%80%A6%E1%80%B8%E1%80%9E%E1%80%94%E1%80%B7%E1%80%BA,
mya_fde48a08,ဦးသန့်သည် ကုလသမဂ္ဂ၏ တတိယမြောက် အထွေထွေအတွင်းရေးမှူးချုပ် ဖြစ်ပြီး ယင်းရာထူးအား အာရှနိုင်ငံများထဲမှ ပထမဦးဆုံး ရရှိသူဖြစ်သည် ။,0,0,0,0,0,0,,https://my.wikipedia.org/wiki/%E1%80%A6%E1%80%B8%E1%80%9E%E1%80%94%E1%80%B7%E1%80%BA,
mya_fd5d5fe7,ဦးသန့်သည် ၁၉၆၁ ခုနှစ် နိုဝင်ဘာလ ၃ ရက်မှ စတင်ကာ အထွေထွေအတွင်းရေးမှူးချုပ် ဒက်ဟမ်းမားရှိုး၏ မကုန်ဆုံးသေးသော သက်တမ်းကို ဖြည့်ဆည်းရန် လုံခြုံရေးကောင်စီ၏ ထောက်ခံချက်ဖြင့် အထွေထွေညီလာခံမှ ယာယီ အထွေထွေအတွင်းရေးမှူးချုပ်အဖြစ် ခန့်အပ်ခြင်းခံခဲ့ရသည် ။,0,0,0,0,0,0,,https://my.wikipedia.org/wiki/%E1%80%A6%E1%80%B8%E1%80%9E%E1%80%94%E1%80%B7%E1%80%BA,
mya_f2beb5a2,ထို့နောက် ၁၉၆၂ခုနှစ်၊ နိုဝင်ဘာလ ၃၀ ရက်နေ့တွင် အထွေထွေညီလာခံမှ ကုလသမဂ္ဂ အထွေထွေအတွင်းရေးမှူးချုပ်အဖြစ် ၁၉၆၆ ခုနှစ် နိုဝင်ဘာလ ၃ ရက် သက်တမ်းအထိ ခန့်အပ်ခြင်းခံခဲ့ရသည် ။,0,0,0,0,0,0,,https://my.wikipedia.org/wiki/%E1%80%A6%E1%80%B8%E1%80%9E%E1%80%94%E1%80%B7%E1%80%BA,
mya_dad374b9,သူ၏ပထမသက်တမ်းအတွင်းတွင် ကျူးဘားဒုံးပျံပြဿနာ (Cuban Missile Crisis) ကို ဖြေရှင်းပေးရာတွင် ပါဝင်စေ့စပ်ပေးမှု နှင့် ကွန်ဂိုပြည်တွင်းစစ်ကို ပြီးဆုံးစေခဲ့ခြင်းတို့ကြောင့် အများက အသိအမှတ်ပြုခြင်းခံခဲ့ရသည် ။,0,0,0,0,0,0,,https://my.wikipedia.org/wiki/%E1%80%A6%E1%80%B8%E1%80%9E%E1%80%94%E1%80%B7%E1%80%BA,
mya_17593b2d,ဦးသန့်သည် ၁၉၆၆ ခုနှစ် ဒီဇင်ဘာလ ၂ရက်တွင် လုံခြုံရေးကောင်စီမှ တညီတညွတ်တည်း ထောက်ခံမှုဖြင့် အထွေထွေညီလာခံမှ ကုလသမဂ္ဂအထွေထွေအတွင်းရေးမှူးချုပ် ဒုတိယသက်တမ်းအဖြစ် ထပ်မံခန့်အပ်ခြင်းခံခဲ့ရသည် ။,0,0,0,0,0,0,,https://my.wikipedia.org/wiki/%E1%80%A6%E1%80%B8%E1%80%9E%E1%80%94%E1%80%B7%E1%80%BA,
mya_47505858,သူ၏ အထွေထွေအတွင်းရေးမှူးချုပ် ဒုတိယသက်တမ်းမှာ ၁၉၇၁ ခုနှစ် ဒီဇင်ဘာလ ၃၁ ရက်နေ့ သူအငြိမ်းစားယူမည့် အချိန်အထိ ဖြစ်သည် ။,0,0,0,0,0,0,,https://my.wikipedia.org/wiki/%E1%80%A6%E1%80%B8%E1%80%9E%E1%80%94%E1%80%B7%E1%80%BA,
mya_73068f98,သူ၏ အတွင်းရေးမှူးချုပ် သက်တမ်းအတွင်းတွင် ကုလသမဂ္ဂသို့ အာရှ နှင့် အာဖရိကမှ ဒါဇင်မျှသော နိုင်ငံတို့ ဝင်ရောက်ရေးအတွက် ကြည့်ရှုစောင့်ကြပ်ခဲ့ရပြီး သူသည် တောင်အာဖရိက အသားအရောင်ခွဲခြားမှု ကို အပြင်းအထန် ဆန့်ကျင်သူဖြစ်သည် ။,0,0,0,0,0,0,,https://my.wikipedia.org/wiki/%E1%80%A6%E1%80%B8%E1%80%9E%E1%80%94%E1%80%B7%E1%80%BA,
mya_8255757a,"ထို့အပြင်သူသည် UNDP, UN University, UNCTAD နှင့် UN Environmental Programme အပါအဝင် ယူအင်န် ဖွံ့ဖြိုးရေးနှင့် သဘာဝပတ်ဝန်းကျင် ထိန်းသိမ်းစောင့်ရှောက်ရေးနှင့် သက်ဆိုင်သော အေဂျင်စီ၊ ရန်ပုံငွေအဖွဲ့နှင့် ပရိုဂရမ် အမြောက်အမြားကို တည်ထောင်ခဲ့သည် ။",0,0,0,0,0,0,,https://my.wikipedia.org/wiki/%E1%80%A6%E1%80%B8%E1%80%9E%E1%80%94%E1%80%B7%E1%80%BA,
mya_007a8d59,ဦးသန့်သည် မြောက်မြားလှသော ကြားဝင်ဖျန်ဖြေမှုများကို အောင်မြင်စွာ ဆောင်ရွက်ပေးနိုင်ခဲ့သည် ။,0,0,0,0,0,0,,https://my.wikipedia.org/wiki/%E1%80%A6%E1%80%B8%E1%80%9E%E1%80%94%E1%80%B7%E1%80%BA,
mya_cc72caf8,ဥပမာအားဖြင့် ၁၉၆၂တွင် ယီမင်အရေးနှင့် ၁၉၆၈တွင် ဘာရိန်းအရေးတို့ဖြစ်သည် ။,0,0,0,0,0,0,,https://my.wikipedia.org/wiki/%E1%80%A6%E1%80%B8%E1%80%9E%E1%80%94%E1%80%B7%E1%80%BA,
mya_85b76321,ယင်းကိစ္စတို့သည် ဒေသတွင်း ငြိမ်းချမ်းရေးကိုထိပါးစေနိုင်သည့် စစ်ဖြစ်ကြမည့် အရေးများဖြစ်ပြီး ဦးသန့်၏ လိမ္မာပါးနပ်စွာ ကြားဝင်စေ့စပ်ပေးမှုကြောင့်သာ စစ်ကိုရှောင်လွှဲနိုင်ခဲ့ခြင်းဖြစ်သည် ။,0,0,0,0,0,0,,https://my.wikipedia.org/wiki/%E1%80%A6%E1%80%B8%E1%80%9E%E1%80%94%E1%80%B7%E1%80%BA,
mya_2d0d08ff,သူ့အရင် အထွေအထွေအတွင်းရေးမှူးချုပ် နှစ်ယောက်နှင့်မတူပဲ သူသည် သက်တမ်းဆယ်နှစ်ပြည့်မြောက်သည်နှင့် အနားယူခဲ့သည် ။,0,0,0,0,0,0,,https://my.wikipedia.org/wiki/%E1%80%A6%E1%80%B8%E1%80%9E%E1%80%94%E1%80%B7%E1%80%BA,
mya_ffaf853a,ဦးသန့်ကို တာဝန်ပေးခန့်အပ်ခဲ့စဉ် ၁၉၆၁ခုနှစ်က ဆိုဗီယက်ပြည်ထောင်စုက အထွေထွေအတွင်းရေးမှူးချုပ်သုံးဦး ထားရှိမည့် Trioka အစီအစဉ်ကို ကြိုးပမ်းလာခဲ့ဖူးသည် ။,0,0,0,0,0,0,,https://my.wikipedia.org/wiki/%E1%80%A6%E1%80%B8%E1%80%9E%E1%80%94%E1%80%B7%E1%80%BA,
mya_0c9cd5a6,ယင်းအစီအစဉ်မှာ စစ်အေးစစ်ပွဲ ဆင်နွှဲနေကြသော ဆိုဗီယက်နှင့် အမေရိကန် ဦးဆောင်သည့် နိုင်ငံများဘက်မှ အထွေထွေအတွင်းရေးမှူးချုပ်နှစ်ဦးနှင့် အခြားတစ်ဦး ပေါင်းသုံးဦးဖြစ်သည် ။,0,0,0,0,0,0,,https://my.wikipedia.org/wiki/%E1%80%A6%E1%80%B8%E1%80%9E%E1%80%94%E1%80%B7%E1%80%BA,
mya_b39d27b0,၁၉၆၆ ခုနှစ် ဦးသန့်အား ဒုတိယသက်တမ်းအတွက် ထပ်မံတာဝန်ပေးသောအခါ ဦးသန့်၏ ပထမအကြိမ်သက်တမ်းအတွင်း စွမ်းဆောင်မှုများကြောင့် အထွေထွေအတွင်းရေးမှူးချုပ် တာဝန်ဝတ္တရား၏ အရေးပါမှုကို သိရှိလာသော ဆိုဗီယက်တို့သည် ယင်းအစီအစဉ်ကို ထပ်မံမတင်ပြတော့ပဲ တစ်ဦးတည်းသာ ခန့်အပ်ရန် သဘောတူခဲ့သည် ။,0,0,0,0,0,0,,https://my.wikipedia.org/wiki/%E1%80%A6%E1%80%B8%E1%80%9E%E1%80%94%E1%80%B7%E1%80%BA,
mya_14f6fb41,ဒုတိယသက်တမ်းအတွင်း ဦးသန့်သည် အာရပ်အစ္စရေးခြောက်ရက်စစ်ပွဲ (၁၉၆၇)၊ ပရာ့ဂ်နွေဦးတော်လှန်ရေးနှင့် ချက်ကိုဆလိုဗားကီးယားနိုင်ငံ သို့ ဆိုဗီယက်ကျူးကျော်မှု အရေးအခင်း၊ ၁၉၇၁တွင် ဘင်္ဂလားဒေ့ရှ်နိုင်ငံကိုလွတ်လပ်ရေး ရရှိစေမည့် အိန္ဒိယပါကစ္စတန်စစ်ပွဲ စသည်တို့ကို အေးငြိမ်းအောင် ဖြေရှင်းပေးနိုင်ခဲ့သည် ။,0,0,0,0,0,0,,https://my.wikipedia.org/wiki/%E1%80%A6%E1%80%B8%E1%80%9E%E1%80%94%E1%80%B7%E1%80%BA,
mya_d9918def,အီဂျစ်သမ္မတ နာဆာ၏တောင်းဆိုမှုကြောင့် ၁၉၆၇တွင် ဆိုင်းနိုင်းကျွန်းဆွယ်မှ ကုလငြိမ်းချမ်းရေးတပ်များ ရုပ်သိမ်းပေးရန် သဘောတူညီခဲ့မှုအတွက် အမေရိကန်ပြည်ထောင်စုနှင့် အစ္စရေးနိုင်ငံတို့၏ ပြင်းထန်စွာ ဝေဖန်ပြစ်တင်ခြင်းခံခဲ့ရသည် ။,0,0,0,0,0,0,,https://my.wikipedia.org/wiki/%E1%80%A6%E1%80%B8%E1%80%9E%E1%80%94%E1%80%B7%E1%80%BA,
mya_039f3add,ဦးသန့်သည် အစ္စရေးနိုင်ငံအား စစ်မတိုက်ရန် နောက်ဆုံးမိနစ်ပိုင်းအချိန်အထိ အီဂျစ်သမ္မတ နာဆာထံ သွားရောက်တွေ့ဆုံခဲ့သည် ။,0,0,0,0,0,0,,https://my.wikipedia.org/wiki/%E1%80%A6%E1%80%B8%E1%80%9E%E1%80%94%E1%80%B7%E1%80%BA,
mya_ffe07cfd,ဦးသန့်သည် ဗီယက်နမ်စစ်ပွဲ ကိစ္စတွင် အမေရိကန်ကို လူသိရှင်ကြား ဝေဖန်ပြစ်တင်ခဲ့သည့်အတွက် တစ်ချိန်က သူနှင့် အလွန်အင်မတန် ရင်းနှီးခဲ့သော အမေရိကန်အစိုးရနှင့် ဆက်ဆံရေး ယိုယွင်းလာခဲ့သည် ။,0,0,0,0,0,0,,https://my.wikipedia.org/wiki/%E1%80%A6%E1%80%B8%E1%80%9E%E1%80%94%E1%80%B7%E1%80%BA,
mya_c7b11de4,အမေရိကန်ပြည်ထောင်စု အစိုးရအဖွဲ့နှင့် ဗီယက်နမ်တို့ကြား တိုက်ရိုက်တွေ့ဆုံဆွေးနွေးနိုင်ရေးအတွက် သူ၏တိတ်တဆိတ်ကြိုးပမ်းမှုအား သမ္မတ ဂျွန်ဆင် အစိုးရအဖွဲ့၏ ငြင်းပယ်ခြင်းခံခဲ့ရသည် ။,0,0,0,0,0,0,,https://my.wikipedia.org/wiki/%E1%80%A6%E1%80%B8%E1%80%9E%E1%80%94%E1%80%B7%E1%80%BA,
mya_25821b8b,ဦးသန့်သည် အမျိုးအမည်မသိယာဉ်ပျံများ (UFO) ကိစ္စနှင့် ပတ်သက်၍ စိတ်ဝင်တစားလေ့လာခဲ့သည် ။,0,0,0,0,0,0,,https://my.wikipedia.org/wiki/%E1%80%A6%E1%80%B8%E1%80%9E%E1%80%94%E1%80%B7%E1%80%BA,
mya_1725db09,၁၉၆၇တွင် သူသည် အမေရိကန်လူမျိုး ရူပဗေဒပညာရှင် ဒေါက်တာဂျိမ်းစ်အီးမက္ကဒေါ်နယ်အား UFO နှင့်ပတ်သက်၍ ကုလသမဂ္ဂတွင် စကားပြောနိုင်ရန် စီစဉ်ပေးခဲ့ဖူးသည် ။,0,0,0,0,0,0,,https://my.wikipedia.org/wiki/%E1%80%A6%E1%80%B8%E1%80%9E%E1%80%94%E1%80%B7%E1%80%BA,
mya_c59d46d4,၁၉၇၁ခုနှစ်၊ ဇန်နဝါရီလ ၂၃ရက်နေ့တွင် ဦးသန့်က သူသည် မည်သည့်အကြောင်းပြချက်နှင့်မျှ တတိယသက်တမ်း အထွေထွေအတွင်းရေးမှူးချုပ် အဖြစ် ဆက်လက်လုပ်ကိုင်တော့မည်မဟုတ်ကြောင်း ပြတ်သားစွာ ပြောဆိုလိုက်သည် ။,0,0,0,0,0,0,,https://my.wikipedia.org/wiki/%E1%80%A6%E1%80%B8%E1%80%9E%E1%80%94%E1%80%B7%E1%80%BA,
mya_b0ab96d8,ကုလသမဂ္ဂ လုံခြုံရေးကောင်စီသည် ဆက်ခံမည့်သူကို သီတင်းပါတ်ပေါင်းများစွာ အပူတပြင်း ရှာဖွေခဲ့သည် ။,0,0,0,0,0,0,,https://my.wikipedia.org/wiki/%E1%80%A6%E1%80%B8%E1%80%9E%E1%80%94%E1%80%B7%E1%80%BA,
mya_7b933e64,နောက်ဆုံးတွင် ကွတ်ဝါးလ်ဟိုင်း ကို ရွေးချယ်ခဲ့ကြသည် ။,0,0,0,0,0,0,,https://my.wikipedia.org/wiki/%E1%80%A6%E1%80%B8%E1%80%9E%E1%80%94%E1%80%B7%E1%80%BA,
mya_9fe42e98,ဦးသန့်သည် ၎င်း၏သက်တမ်းမကုန်ဆုံးမီ ၁၀ ရက်အလို ကွတ်ဝါးလ်ဟိုင်း၏ ၅၃ နှစ်ပြည့်မွေးနေ့ဖြစ်သော ၁၉၇၁ခုနှစ်၊ ဒီဇင်ဘာလ ၂၁ရက်နေ့တွင် တာဝန်ဝတ္တရားများကို လွှဲပြောင်းပေးခဲ့သည် ။,0,0,0,0,0,0,,https://my.wikipedia.org/wiki/%E1%80%A6%E1%80%B8%E1%80%9E%E1%80%94%E1%80%B7%E1%80%BA,
mya_a927b861,ကုလသမဂ္ဂ၏ အထွေထွေညီလာခံတွင် သူ၏နောက်ဆုံးနှုတ်ဆက်မိန့်ခွန်းပြောရာ၌ သူသည် သူ၏ဝန်ထုပ်ဝန်ပိုးကြီးအခုမှ ကျသွားကြောင်း၊ အခုမှ စိတ်သက်သာပြီး လွတ်မြောက်မှုကို ခံစားရကြောင်း ပြောကြားခဲ့သည် ။,0,0,0,0,0,0,,https://my.wikipedia.org/wiki/%E1%80%A6%E1%80%B8%E1%80%9E%E1%80%94%E1%80%B7%E1%80%BA,
mya_43c623a7,နယူးယောက်တိုင်းမ်စ် သတင်းစာ၏ ၁၉၇၁ခုနှစ် ဒီဇင်ဘာလ ၂၇ရက်နေ့ အယ်ဒီတာ့အာဘော်တွင် ဦးသန့်လွတ်မြောက်ခြင်း The Liberation of U Thant ဟူသောခေါင်းစီးဖြင့် ငြိမ်းချမ်းရေးအကျိုးတော်ဆောင်ဦးသန့်ကို အငြိမ်းစားယူပြီးနောက်တွင်လည်း လိုအပ်ဦးမည်ဖြစ်ကြောင်း ချီးကျူးဂုဏ်ပြု ရေးသားခဲ့သည် ။,0,0,0,0,0,0,,https://my.wikipedia.org/wiki/%E1%80%A6%E1%80%B8%E1%80%9E%E1%80%94%E1%80%B7%E1%80%BA,
mya_d0223141,"အထွေထွေအတွင်းရေးမှူးချုပ်အဖြစ် တာဝန်ထမ်းဆောင်စဉ်ကာလအတွင်း ဦးသန့်သည် Palisade နှင့် Douglas Avenues လမ်းကြား၊ ၂၃၂လမ်းအနီးရှိ ၄.၇၅ ဧကမျှကျယ်သော Riverdale, Bronx ခြံတွင် နေထိုင်ခဲ့သည် ။",0,0,0,0,0,0,,https://my.wikipedia.org/wiki/%E1%80%A6%E1%80%B8%E1%80%9E%E1%80%94%E1%80%B7%E1%80%BA,
mya_1343aca5,၁၉၇၄ နိုဝင်ဘာ ၂၅ ရက်တွင် ဦးသန့်သည် နယူးယောက်မြို့၌ ပါးစောင်ကင်ဆာဖြင့်ကွယ်လွန်ခဲ့သည် ။,0,0,0,0,0,0,,https://my.wikipedia.org/wiki/%E1%80%A6%E1%80%B8%E1%80%9E%E1%80%94%E1%80%B7%E1%80%BA,
mya_3198c49e,ဦးသန့်၏ရုပ်ကလာပ်ကို မြန်မာပြည်သို့ ပြန်လည်သယ်ဆောင်ခဲ့သော်လည်း ထိုစဉ်က ပြည်တွင်းနိုင်ငံရေး အခြေအနေကြောင့် နိုင်ငံတော်အခမ်းအနားဖြင့် ဂုဏ်ပြုသင်္ဂြိုဟ်ခြင်း မပြုခဲ့ပါ ။,0,0,0,0,0,0,,https://my.wikipedia.org/wiki/%E1%80%A6%E1%80%B8%E1%80%9E%E1%80%94%E1%80%B7%E1%80%BA,
mya_69e7ca1e,ထိုစဉ်က သမ္မတဖြစ်သူ ဦးနေဝင်းသည် ဦးသန့်အား မြန်မာပြည်သူများက ချစ်ခင်ကြသည်ကို စိုးရိမ်၍လည်းကောင်း၊ ဦးသန့်၏မိတ်ဆွေဖြစ်သော ဦးနုမှ ဦးသန့်အကြောင်းပြကာ ဒီမိုကရေစီရေး ဆန္ဒပြမည်ကို စိုးရိမ်၍လည်းကောင်း ဦးသန့်၏ ရုပ်အလောင်းထည့်ထားသော ခေါင်းတလား ရန်ကုန်လေဆိပ်သို့ ရောက်သည့်တိုင် အဆင့်မြင့်အရာရှိကြီးများက လာရောက် ကြိုဆိုခြင်း မရှိခဲ့ပေ ။,0,0,0,0,0,0,,https://my.wikipedia.org/wiki/%E1%80%A6%E1%80%B8%E1%80%9E%E1%80%94%E1%80%B7%E1%80%BA,
mya_d4e1164e,လာရောက်ကြိုဆိုခဲ့သော ဒုတိယပညာရေးဝန်​ကြီး ဦးအောင်ထွန်းအား ထို့နောက် ရာထူးမှ အနားပေးခဲ့သည် ။,0,0,0,0,0,0,,https://my.wikipedia.org/wiki/%E1%80%A6%E1%80%B8%E1%80%9E%E1%80%94%E1%80%B7%E1%80%BA,
mya_891d7907,ဦးနေဝင်းက ဦးသန့်၏ ရုပ်အလောင်းအား အစိုးရအဖွဲ့မှ မည်သူ့ကိုမျှ မပါဝင်စေပဲ သင်္ဂြိုဟ်စေခဲ့သည် ။,0,0,0,0,0,0,,https://my.wikipedia.org/wiki/%E1%80%A6%E1%80%B8%E1%80%9E%E1%80%94%E1%80%B7%E1%80%BA,
mya_e56e045f,၁၉၇၄ခုနှစ်၊ ဒီဇင်ဘာလ ၅ရက်နေ့တွင် ဦးသန့်အားမမြှုပ်နှံမီ နာရီအနည်းငယ်မျှအလိုတွင် အများပြည်သူ နောက်ဆုံးဂါရဝပြုနိုင်ရန် ရန်ကုန်မြို့ ကျိုက္ကဆံကွင်းတွင် ပြသထားသည် ။,0,0,0,0,0,0,,https://my.wikipedia.org/wiki/%E1%80%A6%E1%80%B8%E1%80%9E%E1%80%94%E1%80%B7%E1%80%BA,
mya_3d95d600,ထိုစဉ်တွင် သာမန်သုဿာန်တွင် မြှုပ်နှံမည်ကို မလိုလားကြသော ကျောင်းသားနှင့်ပြည်သူအချို့က ဦးသန့်၏ ရုပ်အလောင်းအား လုယူသွားခဲ့သည် ။,0,0,0,0,0,0,,https://my.wikipedia.org/wiki/%E1%80%A6%E1%80%B8%E1%80%9E%E1%80%94%E1%80%B7%E1%80%BA,
mya_8efb2954,ထို့နောက်ကျောင်းသားများက ဦးသန့်၏ ရုပ်အလောင်းကို ယခင် ဦးနေဝင်းမှ ၁၉၆၂ခုနှစ်၊ ဇူလိုင်လ ၈ ရက်နေ့တွင် ဒိုင်းနမိုက်ဖြင့် ဖောက်ခွဲဖျက်ဆီးခဲ့သော ရန်ကုန်တက္ကသိုလ် ကျောင်းသားသမဂ္ဂနေရာဟောင်းတွင် မြှပ်နှံသင်္ဂြိုဟ်လိုက်သည် ။,0,0,0,0,0,0,,https://my.wikipedia.org/wiki/%E1%80%A6%E1%80%B8%E1%80%9E%E1%80%94%E1%80%B7%E1%80%BA,
mya_28f6aaf5,ဒီဇင်ဘာလ ၅ရက်နေ့မှ ၁၁ရက်နေ့အတွင်း ကျောင်းသားများသည် ယာယီဦးသန့်ဗိမ္မာန်ပြုလုပ်ကြပြီး အစိုးရဆန့်ကျင်ရေးတရားများ ဟောပြောကြသည် ။,0,0,0,0,0,0,,https://my.wikipedia.org/wiki/%E1%80%A6%E1%80%B8%E1%80%9E%E1%80%94%E1%80%B7%E1%80%BA,
mya_ae69e3d8,၁၉၇၄ခုနှစ်၊ ဒီဇင်ဘာလ ၁၁ရက်နေ့ နံနက်လင်းအားကြီးအချိန်တွင် အစိုးရစစ်တပ်မှ ကျောင်းဝင်းအတွင်းရှိ ကျောင်းသားအချို့ကို ဝင်ရောက်ပစ်ခတ်ပြီး ဦးသန့်၏ ရုပ်အလောင်းကို ပြန်လည်ယူဆောင်သွားကာ ရွှေတိဂုံစေတီတော် ခြေရင်းတွင် မြှပ်နှံပေးလိုက်သည် ။,0,0,0,0,0,0,,https://my.wikipedia.org/wiki/%E1%80%A6%E1%80%B8%E1%80%9E%E1%80%94%E1%80%B7%E1%80%BA,
mya_cf43524b,ယင်းသို့ တရကြမ်း ဝင်ရောက်လုယူမှုကြောင့် ကျောင်းသားများနှင့် ပြည်သူအများပါဝင်သော အုံကြွမှုကြီး ဖြစ်ပေါ်လာခဲ့သည် ။,0,0,0,0,0,0,,https://my.wikipedia.org/wiki/%E1%80%A6%E1%80%B8%E1%80%9E%E1%80%94%E1%80%B7%E1%80%BA,
mya_728e37a6,ရန်ကုန်မြို့နှင့် အနီးဝန်းကျင်တွင် စစ်အုပ်ချုပ်ရေး ကြေညာခဲ့သည် ။,0,0,0,0,0,0,,https://my.wikipedia.org/wiki/%E1%80%A6%E1%80%B8%E1%80%9E%E1%80%94%E1%80%B7%E1%80%BA,
mya_d5316ed3,ယင်းနောက် လူထုအုံကြွမှုကို အပြင်းအထန်နှိမ်နင်းခဲ့သဖြင့် ကျောင်းသားများနှင့် ပြည်သူများ သေဆုံးခဲ့သည် ။,0,0,0,0,0,0,,https://my.wikipedia.org/wiki/%E1%80%A6%E1%80%B8%E1%80%9E%E1%80%94%E1%80%B7%E1%80%BA,
mya_8f9c8259,ယင်းကို ဦးသန့် အရေးအခင်း‎ဟု ခေါ်တွင်သည် ။,0,0,0,0,0,0,,https://my.wikipedia.org/wiki/%E1%80%A6%E1%80%B8%E1%80%9E%E1%80%94%E1%80%B7%E1%80%BA,
mya_cef9eccd,၁၉၇၈တွင် ဦးသန့်ရေးသော ကုလမှရှုမြင်ချက် (View from the UN) စာအုပ်ကို အမေရိကန်ပုံနှိပ်တိုက် (American publishing house) မှ ပုံနှိပ်ထုတ်ဝေခဲ့သည် ။,0,0,0,0,0,0,,https://my.wikipedia.org/wiki/%E1%80%A6%E1%80%B8%E1%80%9E%E1%80%94%E1%80%B7%E1%80%BA,
mya_92486b90,နယူးယောက်မြို့တော် ကမ္ဘာ့ကုလသမဂ္ဂဌာနချုပ်အနီးရှိ မြစ်တွင်းမှ ဘဲလ်မောင့်ကျွန်း (Belmont Island) ကို ဦးသန့်အားဂုဏ်ပြုသောအားဖြင့် ဦးသန့်ကျွန်းဟု နာမည်ပြောင်းပေးခဲ့ကြသည် ။,0,0,0,0,0,0,,https://my.wikipedia.org/wiki/%E1%80%A6%E1%80%B8%E1%80%9E%E1%80%94%E1%80%B7%E1%80%BA,
mya_46f70342,ဦးသန့်သည် ဒေါ်သိန်းတင်နှင့် လက်ထပ်ထိမ်းမြားကာ သား သမီး၃ ဦး၊ မြေး ၄ ဦးနှင့် မြစ် ၃ ဦး ထွန်းကားခဲ့သည် ။,0,0,0,0,0,0,,https://my.wikipedia.org/wiki/%E1%80%A6%E1%80%B8%E1%80%9E%E1%80%94%E1%80%B7%E1%80%BA,
mya_e90af15d,ဦးသန့်၏ တစ်ဦးတည်းသော မြေးယောက်ျား ဦးသန့်မြင့်ဦး သည် သမိုင်းပညာရှင်တစ်ဦးဖြစ်ပြီး ကုလသမဂ္ဂ နိုင်ငံရေးဆိုင်ရာဌာနတွင် ဝါရင့်ဝန်ထမ်းဖြစ်ပြီး The River of Lost Footsteps (ခြေရာပျောက်မြစ်) ကို ရေးသားခဲ့သည် ။,0,0,0,0,0,0,,https://my.wikipedia.org/wiki/%E1%80%A6%E1%80%B8%E1%80%9E%E1%80%94%E1%80%B7%E1%80%BA,
mya_400e839d,ကမ္ဘာ့ငြိမ်းချမ်းရေးအတွက် အားကြိုးမာန်တက် ရှေးရှုလုပ်ကိုင်ကြသော အဖွဲ့အစည်းများနှင့် တစ်သီးပုဂ္ဂလများအား ဦးသန့်ငြိမ်းချမ်းရေးဆု အားတီထွင်ချီးမြှင့်သည် ။,0,0,0,0,0,0,,https://my.wikipedia.org/wiki/%E1%80%A6%E1%80%B8%E1%80%9E%E1%80%94%E1%80%B7%E1%80%BA,
mya_c60f2dc2,မလေးရှား၏ မြို့တော်ကွာလာလမ်ပူမှ သံရုံးများရှိသောလမ်းကို Jalan U Thant (ဦးသန့်လမ်း) ဟု ဦးသန့်ကို ဂုဏ်ပြုသောအားဖြင့် နာမည်ပေးခဲ့သည် ။,0,0,0,0,0,0,,https://my.wikipedia.org/wiki/%E1%80%A6%E1%80%B8%E1%80%9E%E1%80%94%E1%80%B7%E1%80%BA,
mya_83666ec2,ကုလသမဂ္ဂရုံးချုပ်၏ အရှေ့ဘက် မျက်နှာချင်းဆိုင်တွင်ရှိသော မြစ်အတွင်းရှိ ကျွန်းငယ်လေးအား ဦးသန့်ကျွန်း ဟု ဦးသန့်အား ဂုဏ်ပြုသော အားဖြင့်ခေါ်တွင်ခဲ့သည် ။,0,0,0,0,0,0,,https://my.wikipedia.org/wiki/%E1%80%A6%E1%80%B8%E1%80%9E%E1%80%94%E1%80%B7%E1%80%BA,
mya_2ab44f1b,ဂျပန်နိုင်ငံ၊ တိုကျိုမြို့၊ ကုလသမဂ္ဂတက္ကသိုလ် United Nations University (UNU) ဌာနချုပ်တွင် ဦးသန့်ဂုဏ်ပြုသင်ကြားပို့ချချက်များဟူသော သင်ခန်းစာကို ပုံမှန် သင်ကြားပေးလျက် ရှိသည် ။,0,0,0,0,0,0,,https://my.wikipedia.org/wiki/%E1%80%A6%E1%80%B8%E1%80%9E%E1%80%94%E1%80%B7%E1%80%BA,
mya_dd07bc85,ဂျပန်နိုင်ငံ၊ တိုကျိုမြို့၊ ကုလသမဂ္ဂတက္ကသိုလ် United Nations University (UNU) ဌာနချုပ်တွင် အဓိကကွန်ဖရင့်ခန်းမကြီးအား ဦးသန့်အမည်ဖြင့် မှည့်ခေါ်ထားသည် ။,0,0,0,0,0,0,,https://my.wikipedia.org/wiki/%E1%80%A6%E1%80%B8%E1%80%9E%E1%80%94%E1%80%B7%E1%80%BA,
mya_5030add8,ကုလသမဂ္ဂအပြည်ပြည်ဆိုင်ရာသင်တန်းကျောင်း (United Nations International School) တွင် ဦးသန့်ပညာသင်ဆုကို ပေးအပ်ချီးမြှင့်သည် ။,0,0,0,0,0,0,,https://my.wikipedia.org/wiki/%E1%80%A6%E1%80%B8%E1%80%9E%E1%80%94%E1%80%B7%E1%80%BA,
mya_abc7fb37,UN Photos of U Thant ။,0,0,0,0,0,0,,https://my.wikipedia.org/wiki/%E1%80%A6%E1%80%B8%E1%80%9E%E1%80%94%E1%80%B7%E1%80%BA,
mya_49e3a72e,Official U.N.S.G. biography ။,0,0,0,0,0,0,,https://my.wikipedia.org/wiki/%E1%80%A6%E1%80%B8%E1%80%9E%E1%80%94%E1%80%B7%E1%80%BA,
mya_95eb127d,Burma's Tomb Raiders 20 December 2006 ၌ မော်ကွန်းပြန်ကြည့်စက်တွင် မော်ကွန်းတင်ပြီး . ။,0,0,0,0,0,0,,https://my.wikipedia.org/wiki/%E1%80%A6%E1%80%B8%E1%80%9E%E1%80%94%E1%80%B7%E1%80%BA,
mya_a2f0c8c3,"ကုလသမဂ္ဂ (အင်္ဂလိပ်: United Nations, UN) သည် နိုင်ငံတကာ အစိုးရအဖွဲ့အစည်းတစ်ခု ဖြစ်ပြီး ၁၉၄၅ ခုနှစ် ဇွန်လ ၂၆ ရက်နေ့တွင် ကုလသမဂ္ဂ ပဋိညာဉ်စာချုပ်ကို လက်မှတ်ရေးထိုးခြင်းဖြင့် တည်ထောင်ခဲ့ပါသည် ။",0,0,0,0,0,0,,https://my.wikipedia.org/wiki/%E1%80%80%E1%80%AF%E1%80%9C%E1%80%9E%E1%80%99%E1%80%82%E1%80%B9%E1%80%82,
mya_25107390,၎င်း၏ ကြေညာထားသော ရည်ရွယ်ချက်များမှာ နိုင်ငံတကာ ငြိမ်းချမ်းရေးနှင့် လုံခြုံရေးကို ထိန်းသိမ်းခြင်း၊ နိုင်ငံများအကြား ချစ်ကြည်ရင်းနှီးသော ဆက်ဆံရေး တိုးမြှင့်ခြင်း၊ နိုင်ငံတကာ ပူးပေါင်းဆောင်ရွက်မှုကို မြှင့်တင်ခြင်း နှင့် ထိုရည်မှန်းချက်များ အောင်မြင်စေရန်အတွက် နိုင်ငံအသီးသီး၏ လုပ်ငန်းများကို ပေါင်းစပ်ညှိနှိုင်းပေးသည့် ဗဟိုဌာနအဖြစ် ဆောင်ရွက်ခြင်းတို့ ဖြစ်ပါသည် ။,0,0,0,0,0,0,,https://my.wikipedia.org/wiki/%E1%80%80%E1%80%AF%E1%80%9C%E1%80%9E%E1%80%99%E1%80%82%E1%80%B9%E1%80%82,
mya_b87b6124,ကုလသမဂ္ဂ၏ ရုံးချုပ်သည် နယူးယောက်မြို့တွင် တည်ရှိပြီး၊ အခြားရုံးများစွာမှာ ဂျီနီဗာ၊ နိုင်ရိုဘီ၊ ဗီယင်နာနှင့် သည်ဟိဂ်မြို့များတွင် တည်ရှိကြပါသည် ။,0,0,0,0,0,0,,https://my.wikipedia.org/wiki/%E1%80%80%E1%80%AF%E1%80%9C%E1%80%9E%E1%80%99%E1%80%82%E1%80%B9%E1%80%82,
mya_8b08e885,ကုလသမဂ္ဂတွင် ပင်မအဖွဲ့အစည်းကြီး ခြောက်ခု ပါဝင်ဖွဲ့စည်းထားပြီး ၎င်းတို့မှာ အထွေထွေညီလာခံ၊ လုံခြုံရေးကောင်စီ၊ စီးပွားရေးနှင့် လူမှုရေးကောင်စီ၊ အပြည်ပြည်ဆိုင်ရာ တရားရုံး၊ အတွင်းရေးမှူးချုပ်ရုံးနှင့် ထိန်းချုပ်မှု ကောင်စီ (Trusteeship Council) တို့ ဖြစ်ပါသည် ။,0,0,0,0,0,0,,https://my.wikipedia.org/wiki/%E1%80%80%E1%80%AF%E1%80%9C%E1%80%9E%E1%80%99%E1%80%82%E1%80%B9%E1%80%82,
mya_794ad850,ဤအဖွဲ့အစည်းများသည် အထူးပြုအေဂျင်စီအချို့နှင့် ဆက်စပ်အေဂျင်စီများတို့နှင့်အတူ ကုလသမဂ္ဂစနစ်ကို ဖွဲ့စည်းထားပါသည် ။,0,0,0,0,0,0,,https://my.wikipedia.org/wiki/%E1%80%80%E1%80%AF%E1%80%9C%E1%80%9E%E1%80%99%E1%80%82%E1%80%B9%E1%80%82,
mya_17ba9c50,ကုလသမဂ္ဂသည် ၂၀ ရာစု အလယ်ပိုင်း ကိုလိုနီနယ်များ လွတ်လပ်ရေးရယူခြင်းလှိုင်းကာလတွင် အထူးသဖြင့် စီးပွားရေးနှင့် လူမှုရေး ဖွံ့ဖြိုးတိုးတက်မှုအပေါ် အဓိက အာရုံစိုက်ခဲ့ပါသည် ။,0,0,0,0,0,0,,https://my.wikipedia.org/wiki/%E1%80%80%E1%80%AF%E1%80%9C%E1%80%9E%E1%80%99%E1%80%82%E1%80%B9%E1%80%82,
mya_43e911bc,ကုလသမဂ္ဂသည် ငြိမ်းချမ်းရေးနှင့် လူသားဖွံ့ဖြိုးတိုးတက်မှု၏ ခေါင်းဆောင်အဖြစ် ချီးကျူးခံရပြီး၊ ၎င်း၏ အရာရှိများနှင့် အေဂျင်စီများစွာသည် နိုဘယ်ငြိမ်းချမ်းရေးဆု ချီးမြှင့်ခြင်းခံခဲ့ရပါသည် ။,0,0,0,0,0,0,,https://my.wikipedia.org/wiki/%E1%80%80%E1%80%AF%E1%80%9C%E1%80%9E%E1%80%99%E1%80%82%E1%80%B9%E1%80%82,
mya_08d16fa0,သို့သော်လည်း ထိရောက်မှုမရှိဟု ထင်မြင်ယူဆခြင်း၊ ဘက်လိုက်မှု နှင့် အဂတိလိုက်စားမှုတို့ကြောင့်လည်း ဝေဖန်မှုများ ခံရလျက်ရှိပါသည် ။,0,0,0,0,0,0,,https://my.wikipedia.org/wiki/%E1%80%80%E1%80%AF%E1%80%9C%E1%80%9E%E1%80%99%E1%80%82%E1%80%B9%E1%80%82,
mya_f61f750e,ကုလသမဂ္ဂသည် နိုင်ငံပေါင်းချုပ်အသင်းကြီး၏ သမိုင်းအမွေကို ဆက်ခံသော အဖွဲ့ကြီး ဖြစ်သည် ။,0,0,0,0,0,0,,https://my.wikipedia.org/wiki/%E1%80%80%E1%80%AF%E1%80%9C%E1%80%9E%E1%80%99%E1%80%82%E1%80%B9%E1%80%82,
mya_fed41f49,ကုလသမဂ္ဂ (United Nations) ဟူသော အမည်သည် ၁၉၄၂ ခုနှစ်၊ ကုလသမဂ္ဂ ကြေညာစာတမ်း (Declaration By United Nations) တွင် ဝင်စတန်ချာချီနှင့် ရုစဗဲ့တို့က စတင် အသုံးပြုခဲ့ခြင်း ဖြစ်သည် ။,0,0,0,0,0,0,,https://my.wikipedia.org/wiki/%E1%80%80%E1%80%AF%E1%80%9C%E1%80%9E%E1%80%99%E1%80%82%E1%80%B9%E1%80%82,
mya_c9f2d800,၁၉၄၅ ဧပြီ (၂၅) တွင် ကုလသမဂ္ဂညီလာခံကို ဆန်ဖရန်စစ္စကိုမြို့တွင် ကျင်းပခဲ့ရာ နိုင်ငံပေါင်း (၅၀) တက်ရောက်ခဲ့ကြကာ ကုလသမဂ္ဂပဋိညာဉ် (Charter of the United Nations ) မူကြမ်းကို အတည်ပြုနိုင်ခဲ့ကြသည် ။,0,0,0,0,0,0,,https://my.wikipedia.org/wiki/%E1%80%80%E1%80%AF%E1%80%9C%E1%80%9E%E1%80%99%E1%80%82%E1%80%B9%E1%80%82,
mya_e454fd1a,၁၉၄၅ အောက်တိုဘာ (၂၄) တွင် ကုလသမဂ္ဂအမည်ဖြင့် တရားဝင် ပေါ်ထွန်းခဲ့ပြီး ပြင်သစ်၊ တရုတ်၊ ဆိုဗီယက်၊ ဗြိတိန် နှင့် အမေရိကန် နိုင်ငံ (၅) နိုင်ငံသည် အမြဲတမ်း အဖွဲ့ဝင်နိုင်ငံများ ဖြစ်လာကာ အခြား နိုင်ငံ (၄၆) နိုင်ငံလည်း ပါဝင်ခဲ့သည် ။,0,0,0,0,0,0,,https://my.wikipedia.org/wiki/%E1%80%80%E1%80%AF%E1%80%9C%E1%80%9E%E1%80%99%E1%80%82%E1%80%B9%E1%80%82,
mya_040ea08e,ပထမဆုံး အထွေထွေညီလာခံကို ၁၉၄၆ ဇန်နဝါရီတွင် လန်ဒန်မြို့၌ ကျင်းပခဲ့ပြီး အဖွဲ့ဝင် နိုင်ငံ (၅၁) နိုင်ငံ တက်ရောက်ခဲ့ကြသည် ။,0,0,0,0,0,0,,https://my.wikipedia.org/wiki/%E1%80%80%E1%80%AF%E1%80%9C%E1%80%9E%E1%80%99%E1%80%82%E1%80%B9%E1%80%82,
mya_3661d9c1,ကုလသမဂ္ဂ၏ ရုံးချုပ်တည်နေရာအဖြစ် နယူးယောက်မြို့ကို အထွေထွေညီလာခံမှ ရွေးချယ်ခဲ့သည် ။,0,0,0,0,0,0,,https://my.wikipedia.org/wiki/%E1%80%80%E1%80%AF%E1%80%9C%E1%80%9E%E1%80%99%E1%80%82%E1%80%B9%E1%80%82,
mya_a47820ca,ရုံးချုပ်အဆောက်အအုံများ စတင်တည်ဆောက်ခြင်းကို ၁၉၄၈ ခုနှစ် စက်တင်ဘာလ ၁၄ ရက်နေ့တွင် စတင်ခဲ့ပြီး၊ ၁၉၅၂ ခုနှစ် အောက်တိုဘာလ ၉ ရက်နေ့တွင် ပြီးစီးခဲ့ပါသည် ။,0,0,0,0,0,0,,https://my.wikipedia.org/wiki/%E1%80%80%E1%80%AF%E1%80%9C%E1%80%9E%E1%80%99%E1%80%82%E1%80%B9%E1%80%82,
mya_b0a29a1a,နော်ဝေးနိုင်ငံခြားရေးဝန်ကြီးဖြစ်သူ Trygve Lie သည် ပထမဆုံး ရွေးချယ်တင်မြှောက်ခံရသော ကုလသမဂ္ဂ အတွင်းရေးမှူးချုပ် ဖြစ်ခဲ့ပါသည် ။,0,0,0,0,0,0,,https://my.wikipedia.org/wiki/%E1%80%80%E1%80%AF%E1%80%9C%E1%80%9E%E1%80%99%E1%80%82%E1%80%B9%E1%80%82,
mya_1faff3ab,၁၄ ဇူလိုင် ၂၀၁၁ ခုနှစ်တွင် တောင်ဆူဒန်နိုင်ငံမှ ၁၉၃ နိုင်ငံမြောက် အဖွဲ့ဝင်နိုင်ငံအဖြစ် ကုလသမဂ္ဂသို့ ဝင်လာခဲ့သည် ။,0,0,0,0,0,0,,https://my.wikipedia.org/wiki/%E1%80%80%E1%80%AF%E1%80%9C%E1%80%9E%E1%80%99%E1%80%82%E1%80%B9%E1%80%82,
mya_4657d79d,ကုလသမဂ္ဂသည် ပိုမိုကျယ်ပြန့်သော ကုလသမဂ္ဂစနစ်၏ အစိတ်အပိုင်းတစ်ခုဖြစ်ပြီး၊ ယင်းစနစ်တွင် ကျယ်ပြန့်သည့် အဖွဲ့အစည်းများနှင့် အဖွဲ့အစည်းများ၏ ကွန်ရက်တစ်ခု ပါဝင်ပါသည် ။,0,0,0,0,0,0,,https://my.wikipedia.org/wiki/%E1%80%80%E1%80%AF%E1%80%9C%E1%80%9E%E1%80%99%E1%80%82%E1%80%B9%E1%80%82,
mya_c6e8865f,ကုလသမဂ္ဂ ပဋိဉာဉ်စာတမ်းဖြင့် တည်ထောင်ထားသော အဓိက အဖွဲ့အစည်းကြီး ငါးခုမှာ ယင်းစနစ်၏ ဗဟိုတွင် တည်ရှိပြီး၊ ၎င်းတို့မှာ အထွေထွေညီလာခံ၊ လုံခြုံရေးကောင်စီ၊ စီးပွားရေးနှင့် လူမှုရေးကောင်စီ၊ အပြည်ပြည်ဆိုင်ရာ တရားရုံး နှင့် ကုလသမဂ္ဂအတွင်းရေးမှူးချုပ်ရုံးတို့ ဖြစ်ကြသည် ။,0,0,0,0,0,0,,https://my.wikipedia.org/wiki/%E1%80%80%E1%80%AF%E1%80%9C%E1%80%9E%E1%80%99%E1%80%82%E1%80%B9%E1%80%82,
mya_24d6c3d0,ဆဋ္ဌမမြောက် အဓိက အဖွဲ့အစည်းဖြစ်သည့် ထိန်းချုပ်မှု ကောင်စီသည် နောက်ဆုံး အုပ်ချုပ်ခံနယ်မြေဖြစ်သည့် ပါလောင် လွတ်လပ်ရေး ရရှိခဲ့သော ၁၉၉၄ ခုနှစ် နိုဝင်ဘာလ ၁ ရက်နေ့မှစ၍ လုပ်ငန်းများ ရပ်ဆိုင်းထားပါသည် ။,0,0,0,0,0,0,,https://my.wikipedia.org/wiki/%E1%80%80%E1%80%AF%E1%80%9C%E1%80%9E%E1%80%99%E1%80%82%E1%80%B9%E1%80%82,
mya_743b9b7b,အဓိက အဖွဲ့အစည်းကြီး ငါးခုအနက် လေးခုသည် နယူးယောက်မြို့ရှိ ကုလသမဂ္ဂ ရုံးချုပ် အဆောက်အအုံတွင် တည်ရှိပြီး၊ အပြည်ပြည်ဆိုင်ရာ တရားရုံး (International Court of Justice) မှာမူ သည်ဟိဂ်မြို့တွင် တည်ရှိပါသည် ။,0,0,0,0,0,0,,https://my.wikipedia.org/wiki/%E1%80%80%E1%80%AF%E1%80%9C%E1%80%9E%E1%80%99%E1%80%82%E1%80%B9%E1%80%82,
mya_89db755d,အခြား အဓိက အေဂျင်စီ အများစုမှာ ဂျီနီဗာ၊ ဗီယင်နာ နှင့် နိုင်ရိုဘီမြို့များရှိ ကုလသမဂ္ဂ ရုံးများတွင် အခြေစိုက်ပြီး၊ ထပ်တိုး ကုလသမဂ္ဂ အဖွဲ့အစည်းများမှာမူ ကမ္ဘာတစ်ဝန်းလုံး၌ တည်ရှိကြပါသည် ။,0,0,0,0,0,0,,https://my.wikipedia.org/wiki/%E1%80%80%E1%80%AF%E1%80%9C%E1%80%9E%E1%80%99%E1%80%82%E1%80%B9%E1%80%82,
mya_981f9818,ကုလသမဂ္ဂ၏ တရားဝင် ဘာသာစကား ခြောက်မျိုးမှာ အစိုးရအချင်းချင်း အစည်းအဝေးများနှင့် စာရွက်စာတမ်းများတွင် အသုံးပြုသော အာရဗီ၊ တရုတ်၊ အင်္ဂလိပ်၊ ပြင်သစ်၊ ရုရှား နှင့် စပိန်ဘာသာစကားများ ဖြစ်ကြပါသည် ။,0,0,0,0,0,0,,https://my.wikipedia.org/wiki/%E1%80%80%E1%80%AF%E1%80%9C%E1%80%9E%E1%80%99%E1%80%82%E1%80%B9%E1%80%82,
mya_151bfe0b,ကုလသမဂ္ဂ၏ အခွင့်အရေးများနှင့် ကင်းလွတ်ခွင့်များဆိုင်ရာ သဘောတူညီချက် (Convention on the Privileges and Immunities of the United Nations) အပေါ် အခြေခံ၍ ကုလသမဂ္ဂနှင့် ၎င်း၏ အေဂျင်စီများသည် လုပ်ငန်းများ ဆောင်ရွက်သည့် နိုင်ငံများ၏ ဥပဒေများမှ ကင်းလွတ်ခွင့်ရရှိကြပြီး၊ ယင်းက လက်ခံဆောင်ရွက်သည့် နိုင်ငံများနှင့် အဖွဲ့ဝင်နိုင်ငံများအပေါ် ကုလသမဂ္ဂ၏ ဘက်မလိုက်မှုကို အကာအကွယ်ပေးပါသည် ။,0,0,0,0,0,0,,https://my.wikipedia.org/wiki/%E1%80%80%E1%80%AF%E1%80%9C%E1%80%9E%E1%80%99%E1%80%82%E1%80%B9%E1%80%82,
mya_022db6a8,"အဓိက အဖွဲ့အစည်းကြီး ခြောက်ခု၏ အောက်တွင်မူ စာရေးဆရာ Linda Fasulo ၏ အဆိုအရ ""အံ့ဩဖွယ်ကောင်းသော အဖွဲ့အစည်းများနှင့် အဖွဲ့အစည်းများ စုစည်းမှု"" များစွာ ရှိပြီး၊ ၎င်းတို့အနက် အချို့မှာ ကုလသမဂ္ဂထက်ပင် သက်တမ်းပို၍ ရှည်ကြာပြီး ကုလသမဂ္ဂမှ လုံးဝနီးပါး လွတ်လပ်စွာ လည်ပတ်နေကြပါသည် ။",0,0,0,0,0,0,,https://my.wikipedia.org/wiki/%E1%80%80%E1%80%AF%E1%80%9C%E1%80%9E%E1%80%99%E1%80%82%E1%80%B9%E1%80%82,
mya_6125dfca,၎င်းတို့တွင် အထူးပြုအေဂျင်စီများ၊ သုတေသနနှင့် လေ့ကျင့်ရေးအဖွဲ့အစည်းများ၊ အစီအစဉ်များနှင့် ရန်ပုံငွေအဖွဲ့များ နှင့် အခြားသော ကုလသမဂ္ဂအဖွဲ့အစည်းများ ပါဝင်ပါသည် ။,0,0,0,0,0,0,,https://my.wikipedia.org/wiki/%E1%80%80%E1%80%AF%E1%80%9C%E1%80%9E%E1%80%99%E1%80%82%E1%80%B9%E1%80%82,
mya_838bbcab,ကုလသမဂ္ဂ စနစ်အတွင်းရှိ အဖွဲ့အစည်းအားလုံးသည် Noblemaire နိယာမကို လိုက်နာကြသည် ။,0,0,0,0,0,0,,https://my.wikipedia.org/wiki/%E1%80%80%E1%80%AF%E1%80%9C%E1%80%9E%E1%80%99%E1%80%82%E1%80%B9%E1%80%82,
mya_db468374,ယင်းနိယာမမှာ လစာအမြင့်ဆုံးပေးသော နိုင်ငံများမှ နိုင်ငံသားများကို ဆွဲဆောင်ထိန်းသိမ်းနိုင်မည့် လစာနှုန်းထားများ ချမှတ်ရန်နှင့် ဝန်ထမ်း၏ နိုင်ငံသားဖြစ်မှု မခွဲခြားဘဲ တန်ဖိုးတူ အလုပ်အတွက် တူညီသော လစာရရှိစေရန် ဖြစ်ပါသည် ။,0,0,0,0,0,0,,https://my.wikipedia.org/wiki/%E1%80%80%E1%80%AF%E1%80%9C%E1%80%9E%E1%80%99%E1%80%82%E1%80%B9%E1%80%82,
mya_22d5f0ca,လက်တွေ့တွင် ကုလသမဂ္ဂ ဝန်ထမ်းများ၏ အခြေအနေများကို အုပ်ချုပ်သည့် အပြည်ပြည်ဆိုင်ရာ အရပ်ဘက်ဝန်ဆောင်မှု ကော်မရှင် (International Civil Service Commission) သည် လစာအမြင့်ဆုံးပေးသော အမျိုးသား အရပ်ဘက်ဝန်ဆောင်မှုကို ကိုးကား၍ သတ်မှတ်သည် ။,0,0,0,0,0,0,,https://my.wikipedia.org/wiki/%E1%80%80%E1%80%AF%E1%80%9C%E1%80%9E%E1%80%99%E1%80%82%E1%80%B9%E1%80%82,
mya_73f13c95,ဝန်ထမ်းများ၏ လစာများသည် ကုလသမဂ္ဂ အဖွဲ့အစည်းများမှ စီမံခန့်ခွဲသော အတွင်းပိုင်း အခွန်စနစ်၏ ဘောင်အတွင်းတွင် ရှိပါသည် ။,0,0,0,0,0,0,,https://my.wikipedia.org/wiki/%E1%80%80%E1%80%AF%E1%80%9C%E1%80%9E%E1%80%99%E1%80%82%E1%80%B9%E1%80%82,
mya_bcf628d3,ကုလသမဂ္ဂ အထွေထွေညီလာခံသည် ကုလသမဂ္ဂ၏ အဓိက ဆွေးနွေးတိုင်ပင်ဆုံးဖြတ်သည့် အဖွဲ့အစည်း ဖြစ်ပါသည် ။,0,0,0,0,0,0,,https://my.wikipedia.org/wiki/%E1%80%80%E1%80%AF%E1%80%9C%E1%80%9E%E1%80%99%E1%80%82%E1%80%B9%E1%80%82,
mya_babd2f65,ကုလသမဂ္ဂ အဖွဲ့ဝင်နိုင်ငံအားလုံးဖြင့် ဖွဲ့စည်းထားပြီး၊ ညီလာခံကို အထွေထွေညီလာခံခန်းမ၌ နှစ်စဉ်ပုံမှန်ကျင်းပလေ့ရှိသော်လည်း အရေးပေါ်အစည်းအဝေးများကိုလည်း ခေါ်ယူနိုင်သည် ။,0,0,0,0,0,0,,https://my.wikipedia.org/wiki/%E1%80%80%E1%80%AF%E1%80%9C%E1%80%9E%E1%80%99%E1%80%82%E1%80%B9%E1%80%82,
mya_51b4f925,ညီလာခံကို ဒေသအလိုက် အလှည့်ကျ ရွေးချယ်တင်မြှောက်သည့် ဥက္ကဋ္ဌ တစ်ဦးနှင့် ဒုတိယဥက္ကဋ္ဌ ၂၁ ဦးတို့က ဦးဆောင်ပါသည် ။,0,0,0,0,0,0,,https://my.wikipedia.org/wiki/%E1%80%80%E1%80%AF%E1%80%9C%E1%80%9E%E1%80%99%E1%80%82%E1%80%B9%E1%80%82,
mya_130edc03,ပထမဆုံးအကြိမ် ညီလာခံကို ၁၉၄၆ ခုနှစ် ဇန်နဝါရီလ ၁၀ ရက်နေ့တွင် လန်ဒန်မြို့ရှိ Methodist Central Hall ၌ ကျင်းပခဲ့ပြီး နိုင်ငံပေါင်း ၅၁ နိုင်ငံမှ ကိုယ်စားလှယ်များ တက်ရောက်ခဲ့ကြသည် ။,0,0,0,0,0,0,,https://my.wikipedia.org/wiki/%E1%80%80%E1%80%AF%E1%80%9C%E1%80%9E%E1%80%99%E1%80%82%E1%80%B9%E1%80%82,
mya_9845bbf2,အထွေထွေညီလာခံသည် ငြိမ်းချမ်းရေးနှင့် လုံခြုံရေး၊ အဖွဲ့ဝင်သစ်များ လက်ခံခြင်းနှင့် ဘတ်ဂျက်ဆိုင်ရာ ကိစ္စရပ်များကဲ့သို့ အရေးကြီးသော အကြောင်းအရာများကို ဆုံးဖြတ်သည့်အခါ တက်ရောက်မဲပေးသူများ၏ သုံးပုံနှစ်ပုံ မဲအရေအတွက် လိုအပ်ပါသည် ။,0,0,0,0,0,0,,https://my.wikipedia.org/wiki/%E1%80%80%E1%80%AF%E1%80%9C%E1%80%9E%E1%80%99%E1%80%82%E1%80%B9%E1%80%82,
mya_641283b1,အခြားကိစ္စရပ်အားလုံးကိုမူ မဲအများစုဖြင့် ဆုံးဖြတ်သည် ။,0,0,0,0,0,0,,https://my.wikipedia.org/wiki/%E1%80%80%E1%80%AF%E1%80%9C%E1%80%9E%E1%80%99%E1%80%82%E1%80%B9%E1%80%82,
mya_cf0b3c14,အဖွဲ့ဝင်နိုင်ငံတိုင်းတွင် မဲတစ်မဲစီရှိသည် ။,0,0,0,0,0,0,,https://my.wikipedia.org/wiki/%E1%80%80%E1%80%AF%E1%80%9C%E1%80%9E%E1%80%99%E1%80%82%E1%80%B9%E1%80%82,
mya_a2fee73e,ဘတ်ဂျက်ဆိုင်ရာကိစ္စရပ်များ အတည်ပြုခြင်းမှအပ ကျန် ဆုံးဖြတ်ချက်များသည် အဖွဲ့ဝင်နိုင်ငံများအပေါ် မဖြစ်မနေလိုက်နာရန် အကျုံးမဝင်ပါ ။,0,0,0,0,0,0,,https://my.wikipedia.org/wiki/%E1%80%80%E1%80%AF%E1%80%9C%E1%80%9E%E1%80%99%E1%80%82%E1%80%B9%E1%80%82,
mya_6f00cd10,လုံခြုံရေးကောင်စီမှ စဉ်းစားသုံးသပ်နေသည့် ငြိမ်းချမ်းရေးနှင့် လုံခြုံရေးဆိုင်ရာ ကိစ္စရပ်များမှအပ ကုလသမဂ္ဂ၏ လုပ်ငန်းနယ်ပယ်အတွင်းရှိ မည်သည့်ကိစ္စရပ်နှင့် ပတ်သက်၍မဆို ညီလာခံက အကြံပြုချက်များ ပြုလုပ်နိုင်ပါသည် ။,0,0,0,0,0,0,,https://my.wikipedia.org/wiki/%E1%80%80%E1%80%AF%E1%80%9C%E1%80%9E%E1%80%99%E1%80%82%E1%80%B9%E1%80%82,
mya_ab97751b,မူကြမ်းဆုံးဖြတ်ချက်များကို အထွေထွေညီလာခံ၏ အဓိက ကော်မတီကြီး ခြောက်ခုမှ တင်သွင်းနိုင်သည်- ။,0,0,0,0,0,0,,https://my.wikipedia.org/wiki/%E1%80%80%E1%80%AF%E1%80%9C%E1%80%9E%E1%80%99%E1%80%82%E1%80%B9%E1%80%82,
mya_1fc2266b,ပထမကော်မတီ (လက်နက်ဖျက်သိမ်းရေးနှင့် နိုင်ငံတကာလုံခြုံရေး) ။,0,0,0,0,0,0,,https://my.wikipedia.org/wiki/%E1%80%80%E1%80%AF%E1%80%9C%E1%80%9E%E1%80%99%E1%80%82%E1%80%B9%E1%80%82,
mya_20c2c1e1,ဒုတိယကော်မတီ (စီးပွားရေးနှင့် ဘဏ္ဍာရေး) ။,0,0,0,0,0,0,,https://my.wikipedia.org/wiki/%E1%80%80%E1%80%AF%E1%80%9C%E1%80%9E%E1%80%99%E1%80%82%E1%80%B9%E1%80%82,
mya_d1d8eaa5,တတိယကော်မတီ (လူမှုရေး၊ လူသားချင်းစာနာထောက်ထားမှုနှင့် ယဉ်ကျေးမှု) ။,0,0,0,0,0,0,,https://my.wikipedia.org/wiki/%E1%80%80%E1%80%AF%E1%80%9C%E1%80%9E%E1%80%99%E1%80%82%E1%80%B9%E1%80%82,
mya_72096061,စတုတ္ထကော်မတီ (အထူးနိုင်ငံရေးနှင့် ကိုလိုနီနယ်မြေများအား လွတ်လပ်ရေးပေးရေး) ။,0,0,0,0,0,0,,https://my.wikipedia.org/wiki/%E1%80%80%E1%80%AF%E1%80%9C%E1%80%9E%E1%80%99%E1%80%82%E1%80%B9%E1%80%82,
mya_0fb31eb9,ပဉ္စမကော်မတီ (အုပ်ချုပ်ရေးနှင့် ဘတ်ဂျက်) ။,0,0,0,0,0,0,,https://my.wikipedia.org/wiki/%E1%80%80%E1%80%AF%E1%80%9C%E1%80%9E%E1%80%99%E1%80%82%E1%80%B9%E1%80%82,
mya_9f86a663,ဆဋ္ဌမကော်မတီ (ဥပဒေ) ထို့အပြင် အောက်ပါ အခြားကော်မတီနှစ်ခုမှလည်း တင်သွင်းနိုင်သည်- ။,0,0,0,0,0,0,,https://my.wikipedia.org/wiki/%E1%80%80%E1%80%AF%E1%80%9C%E1%80%9E%E1%80%99%E1%80%82%E1%80%B9%E1%80%82,
mya_4b264877,အထွေထွေကော်မတီ – ညီလာခံ၏ ဥက္ကဋ္ဌ၊ ဒုတိယဥက္ကဋ္ဌများနှင့် ကော်မတီဥက္ကဋ္ဌများ ပါဝင်သော ကြီးကြပ်ရေးကော်မတီ ။,0,0,0,0,0,0,,https://my.wikipedia.org/wiki/%E1%80%80%E1%80%AF%E1%80%9C%E1%80%9E%E1%80%99%E1%80%82%E1%80%B9%E1%80%82,
mya_62855aee,အသိအမှတ်ပြုလက်မှတ် ကော်မတီ – အဖွဲ့ဝင်နိုင်ငံအသီးသီးမှ ကုလသမဂ္ဂ ကိုယ်စားလှယ်များ၏ အသိအမှတ်ပြုလက်မှတ်များကို စစ်ဆေးဆုံးဖြတ်ရန် တာဝန်ရှိသော ကော်မတီ ။,0,0,0,0,0,0,,https://my.wikipedia.org/wiki/%E1%80%80%E1%80%AF%E1%80%9C%E1%80%9E%E1%80%99%E1%80%82%E1%80%B9%E1%80%82,
mya_c4ae1d0f,လုံခြုံရေးကောင်စီသည် နိုင်ငံများအကြား ငြိမ်းချမ်းရေးနှင့် လုံခြုံရေးကို ထိန်းသိမ်းရန် တာဝန်ယူထားပါသည် ။,0,0,0,0,0,0,,https://my.wikipedia.org/wiki/%E1%80%80%E1%80%AF%E1%80%9C%E1%80%9E%E1%80%99%E1%80%82%E1%80%B9%E1%80%82,
mya_91515913,ကုလသမဂ္ဂ၏ အခြားအဖွဲ့အစည်းများသည် အဖွဲ့ဝင်နိုင်ငံများသို့ အကြံပြုချက်များသာ ပြုလုပ်နိုင်သော်လည်း၊ လုံခြုံရေးကောင်စီတွင်မူ ကုလသမဂ္ဂ ပဋိဉာဉ်စာတမ်း အပိုဒ် ၂၅ အရ အဖွဲ့ဝင်နိုင်ငံများ လိုက်နာရန် သဘောတူထားသည့် မဖြစ်မနေ လိုက်နာရမည့် ဆုံးဖြတ်ချက်များ ချမှတ်နိုင်သည့် အာဏာရှိပါသည် ။,0,0,0,0,0,0,,https://my.wikipedia.org/wiki/%E1%80%80%E1%80%AF%E1%80%9C%E1%80%9E%E1%80%99%E1%80%82%E1%80%B9%E1%80%82,
mya_ece74406,ကောင်စီ၏ ဆုံးဖြတ်ချက်များကို ကုလသမဂ္ဂ လုံခြုံရေးကောင်စီ ဆုံးဖြတ်ချက်များဟု ခေါ်ဆိုပါသည် ။,0,0,0,0,0,0,,https://my.wikipedia.org/wiki/%E1%80%80%E1%80%AF%E1%80%9C%E1%80%9E%E1%80%99%E1%80%82%E1%80%B9%E1%80%82,
mya_dfd23fe6,လုံခြုံရေးကောင်စီကို အဖွဲ့ဝင်နိုင်ငံ ၁၅ နိုင်ငံဖြင့် ဖွဲ့စည်းထားပါသည် ။,0,0,0,0,0,0,,https://my.wikipedia.org/wiki/%E1%80%80%E1%80%AF%E1%80%9C%E1%80%9E%E1%80%99%E1%80%82%E1%80%B9%E1%80%82,
mya_329b602c,ဗီတိုအာဏာရှိသော အမြဲတမ်းအဖွဲ့ဝင် ၅ နိုင်ငံ (တရုတ်၊ ပြင်သစ်၊ ရုရှား၊ ဗြိတိန်နှင့် အမေရိကန်) နှင့် အမြဲတမ်းမဟုတ်သော အဖွဲ့ဝင် ၁၀ နိုင်ငံ (လက်ရှိတွင် အယ်လ်ဂျီးရီးယား၊ အီကွေဒေါ၊ ဂိုင်ယာနာ၊ ဂျပန်၊ မော်လ်တာ၊ မိုဇမ်ဘစ်၊ ကိုရီးယားသမ္မတနိုင်ငံ၊ ဆီရာလီယွန်၊ ဆလိုဗေးနီးယားနှင့် ဆွစ်ဇာလန်) တို့ ပါဝင်ပါသည် ။,0,0,0,0,0,0,,https://my.wikipedia.org/wiki/%E1%80%80%E1%80%AF%E1%80%9C%E1%80%9E%E1%80%99%E1%80%82%E1%80%B9%E1%80%82,
mya_a3ed38f3,အမြဲတမ်းအဖွဲ့ဝင် ၅ နိုင်ငံသည် ကုလသမဂ္ဂ ဆုံးဖြတ်ချက်များအပေါ် ဗီတိုအာဏာ ပိုင်ဆိုင်ထားပြီး၊ ဆုံးဖြတ်ချက်အား ဆွေးနွေးခြင်းကို မတားမြစ်သော်လည်း အတည်ပြုခြင်းကို ပိတ်ပင်နိုင်ပါသည် ။,0,0,0,0,0,0,,https://my.wikipedia.org/wiki/%E1%80%80%E1%80%AF%E1%80%9C%E1%80%9E%E1%80%99%E1%80%82%E1%80%B9%E1%80%82,
mya_0b96bb44,အမြဲတမ်းမဟုတ်သော အဖွဲ့ဝင် ၁၀ နေရာကို ဒေသအလိုက် အထွေထွေညီလာခံမှ တစ်နှစ်လျှင် ၅ နိုင်ငံနှုန်းဖြင့် နှစ်နှစ်သက်တမ်းအတွက် ရွေးချယ်တင်မြှောက်ပါသည် ။,0,0,0,0,0,0,,https://my.wikipedia.org/wiki/%E1%80%80%E1%80%AF%E1%80%9C%E1%80%9E%E1%80%99%E1%80%82%E1%80%B9%E1%80%82,
mya_f82f4e4d,လုံခြုံရေးကောင်စီ၏ ဥက္ကဋ္ဌနေရာသည် လစဉ် အက္ခရာစဉ်အတိုင်း အလှည့်ကျ ပြောင်းလဲပါသည် ။,0,0,0,0,0,0,,https://my.wikipedia.org/wiki/%E1%80%80%E1%80%AF%E1%80%9C%E1%80%9E%E1%80%99%E1%80%82%E1%80%B9%E1%80%82,
mya_f48116ed,ကုလသမဂ္ဂအတွင်းရေးမှူးချုပ်ရုံးသည် ကုလသမဂ္ဂစနစ်ကို လည်ပတ်ထိန်းသိမ်းရန် လိုအပ်သော နေ့စဉ်လုပ်ငန်းများကို ဆောင်ရွက်ပါသည် ။,0,0,0,0,0,0,,https://my.wikipedia.org/wiki/%E1%80%80%E1%80%AF%E1%80%9C%E1%80%9E%E1%80%99%E1%80%82%E1%80%B9%E1%80%82,
mya_b03abb4c,ယင်းတွင် ကမ္ဘာတစ်ဝန်းလုံးရှိ နိုင်ငံတကာဝန်ထမ်း ထောင်ပေါင်းများစွာဖြင့် ဖွဲ့စည်းထားပြီး၊ အတွင်းရေးမှူးချုပ်က ဦးဆောင်ကာ ဒုတိယအတွင်းရေးမှူးချုပ်က ကူညီဆောင်ရွက်ပါသည် ။,0,0,0,0,0,0,,https://my.wikipedia.org/wiki/%E1%80%80%E1%80%AF%E1%80%9C%E1%80%9E%E1%80%99%E1%80%82%E1%80%B9%E1%80%82,
mya_71344a0b,အတွင်းရေးမှူးချုပ်ရုံး၏ တာဝန်များတွင် ကုလသမဂ္ဂအဖွဲ့အစည်းများ၏ အစည်းအဝေးများအတွက် လိုအပ်သော အချက်အလက်များနှင့် အထောက်အပံ့များ ပံ့ပိုးပေးခြင်း၊ နှင့် လုံခြုံရေးကောင်စီ၊ အထွေထွေညီလာခံ၊ စီးပွားရေးနှင့် လူမှုရေးကောင်စီနှင့် အခြားသော ကုလသမဂ္ဂအဖွဲ့အစည်းများ၏ ညွှန်ကြားချက်များအတိုင်း လုပ်ငန်းများ ဆောင်ရွက်ခြင်းတို့ ပါဝင်ပါသည် ။,0,0,0,0,0,0,,https://my.wikipedia.org/wiki/%E1%80%80%E1%80%AF%E1%80%9C%E1%80%9E%E1%80%99%E1%80%82%E1%80%B9%E1%80%82,
mya_2322cbb4,အတွင်းရေးမှူးချုပ်သည် ကုလသမဂ္ဂ၏ ပြောရေးဆိုခွင့်ရှိသူနှင့် ခေါင်းဆောင်အဖြစ် ဆောင်ရွက်ပါသည် ။,0,0,0,0,0,0,,https://my.wikipedia.org/wiki/%E1%80%80%E1%80%AF%E1%80%9C%E1%80%9E%E1%80%99%E1%80%82%E1%80%B9%E1%80%82,
mya_ca917838,ကုလသမဂ္ဂ ပဋိဉာဉ်စာတမ်းအရ ဤရာထူးကို အဖွဲ့အစည်း၏ အဓိက အုပ်ချုပ်ရေးမှူးချုပ်အဖြစ် သတ်မှတ်ထားသည် ။,0,0,0,0,0,0,,https://my.wikipedia.org/wiki/%E1%80%80%E1%80%AF%E1%80%9C%E1%80%9E%E1%80%99%E1%80%82%E1%80%B9%E1%80%82,
mya_41821c9e,"ပဋိဉာဉ်စာတမ်း၏ အပိုဒ် ၉၉ တွင် အတွင်းရေးမှူးချုပ်သည် ""မိမိတို့၏ ထင်မြင်ယူဆချက်အရ နိုင်ငံတကာ ငြိမ်းချမ်းရေးနှင့် လုံခြုံရေးကို ထိန်းသိမ်းခြင်းအား ခြိမ်းခြောက်နိုင်သည့် မည်သည့်ကိစ္စရပ်ကိုမဆို"" လုံခြုံရေးကောင်စီ၏ အာရုံစိုက်မှုကို ခံယူနိုင်သည်ဟု ပြဋ္ဌာန်းထားသည် ။",0,0,0,0,0,0,,https://my.wikipedia.org/wiki/%E1%80%80%E1%80%AF%E1%80%9C%E1%80%9E%E1%80%99%E1%80%82%E1%80%B9%E1%80%82,
mya_0c5b9dec,Trygve Lie လက်ထက်မှစ၍ အတွင်းရေးမှူးချုပ်များသည် ဤစာသားကို နိုင်ငံတကာကဏ္ဍတွင် လုပ်ဆောင်ရန် ဤရာထူးအတွက် ကျယ်ပြန့်သော လုပ်ပိုင်ခွင့် ရှိသည်ဟု အဓိပ္ပါယ်ဖွင့်ဆိုခဲ့ကြသည် ။,0,0,0,0,0,0,,https://my.wikipedia.org/wiki/%E1%80%80%E1%80%AF%E1%80%9C%E1%80%9E%E1%80%99%E1%80%82%E1%80%B9%E1%80%82,
mya_0696be6f,ဤရာထူးသည် ကုလသမဂ္ဂအဖွဲ့အစည်း၏ အုပ်ချုပ်ရေးမှူးနှင့် အဖွဲ့ဝင်နိုင်ငံများအကြား အငြင်းပွားမှုများကို ဖြေရှင်းပြီး ကမ္ဘာ့ကိစ္စရပ်များအတွက် သဘောတူညီမှု ရရှိရန် ကြိုးပမ်းသည့် သံတမန်နှင့် ကြားဝင်စေ့စပ်သူဟူသော နှစ်ခုပေါင်းစပ်ထားသည့် အခန်းကဏ္ဍအဖြစ် ပြောင်းလဲတိုးတက်လာပါသည် ။,0,0,0,0,0,0,,https://my.wikipedia.org/wiki/%E1%80%80%E1%80%AF%E1%80%9C%E1%80%9E%E1%80%99%E1%80%82%E1%80%B9%E1%80%82,
mya_3b835a82,အတွင်းရေးမှူးချုပ်ကို လုံခြုံရေးကောင်စီ၏ အကြံပြုချက် (အမြဲတမ်းအဖွဲ့ဝင်များ ဗီတိုအာဏာရှိသည်) အပေါ်မူတည်၍ အထွေထွေညီလာခံမှ ခန့်အပ်ပါသည် ။,0,0,0,0,0,0,,https://my.wikipedia.org/wiki/%E1%80%80%E1%80%AF%E1%80%9C%E1%80%9E%E1%80%99%E1%80%82%E1%80%B9%E1%80%82,
mya_83e521d7,ဤရာထူးအတွက် တိကျသော သတ်မှတ်ချက်များ မရှိသော်လည်း နှစ်များတစ်လျှောက်တွင် ဤရာထူးကို ငါးနှစ်သက်တမ်း တစ်ကြိမ် သို့မဟုတ် နှစ်ကြိမ် ထမ်းဆောင်သည်ဟု လက်ခံလာကြသည် ။,0,0,0,0,0,0,,https://my.wikipedia.org/wiki/%E1%80%80%E1%80%AF%E1%80%9C%E1%80%9E%E1%80%99%E1%80%82%E1%80%B9%E1%80%82,
mya_4854a3ed,လက်ရှိအတွင်းရေးမှူးချုပ်မှာ ပေါ်တူဂီနိုင်ငံမှ António Guterres ဖြစ်ပြီး ၂၀၁၇ ခုနှစ်တွင် Ban Ki-moon ထံမှ တာဝန်လွှဲပြောင်း ရယူခဲ့သူ ဖြစ်ပါသည် ။,0,0,0,0,0,0,,https://my.wikipedia.org/wiki/%E1%80%80%E1%80%AF%E1%80%9C%E1%80%9E%E1%80%99%E1%80%82%E1%80%B9%E1%80%82,
mya_13981b94,အပြည်ပြည်ဆိုင်ရာ တရားရုံးတော် (ICJ) ကို ကမ္ဘာ့တရားရုံးဟုလည်း တစ်ခါတစ်ရံ ခေါ်ဆိုလေ့ရှိပြီး၊ ၎င်းသည် ကုလသမဂ္ဂ၏ အဓိက တရားစီရင်ရေးဆိုင်ရာ အဖွဲ့အစည်း ဖြစ်ပါသည် ။,0,0,0,0,0,0,,https://my.wikipedia.org/wiki/%E1%80%80%E1%80%AF%E1%80%9C%E1%80%9E%E1%80%99%E1%80%82%E1%80%B9%E1%80%82,
mya_bd25df77,၎င်းသည် ယခင် နိုင်ငံပေါင်းချုပ်အသင်းကြီး၏ အမြဲတမ်း အပြည်ပြည်ဆိုင်ရာ တရားရုံး (Permanent Court of International Justice) ၏ ဆက်ခံသူဖြစ်ပြီး၊ နယ်သာလန်နိုင်ငံ၊ သည်ဟိဂ်မြို့ရှိ ငြိမ်းချမ်းရေးနန်းတော် (Peace Palace) တွင် တည်ရှိသော ထိုတရားရုံးဟောင်း၏ ရုံးချုပ်နေရာကို အသုံးပြုလျက်ရှိရာ၊ နယူးယောက်မြို့တွင် အခြေစိုက်ခြင်းမရှိသည့် တစ်ခုတည်းသော ကုလသမဂ္ဂ၏ အဓိက အဖွဲ့အစည်း ဖြစ်ပါသည် ။,0,0,0,0,0,0,,https://my.wikipedia.org/wiki/%E1%80%80%E1%80%AF%E1%80%9C%E1%80%9E%E1%80%99%E1%80%82%E1%80%B9%E1%80%82,
mya_b4010b74,ICJ ၏ အဓိက လုပ်ငန်းတာဝန်မှာ နိုင်ငံများအကြား ဖြစ်ပွားသော အငြင်းပွားမှုများကို စီရင်ဆုံးဖြတ်ပေးခြင်း ဖြစ်ပါသည် ။,0,0,0,0,0,0,,https://my.wikipedia.org/wiki/%E1%80%80%E1%80%AF%E1%80%9C%E1%80%9E%E1%80%99%E1%80%82%E1%80%B9%E1%80%82,
mya_4a1ab62a,၎င်းတို့ စီရင်ဆုံးဖြတ်ခဲ့သော ကိစ္စရပ်များ၏ ဥပမာများတွင် စစ်ရာဇဝတ်မှုများ၊ နိုင်ငံတော် အချုပ်အခြာအာဏာကို ချိုးဖောက်မှုများနှင့် လူမျိုးသန့်စင်မှုများ ပါဝင်ပါသည် ။,0,0,0,0,0,0,,https://my.wikipedia.org/wiki/%E1%80%80%E1%80%AF%E1%80%9C%E1%80%9E%E1%80%99%E1%80%82%E1%80%B9%E1%80%82,
mya_70260570,တရားရုံးအား အခြားသော ကုလသမဂ္ဂအဖွဲ့အစည်းများကလည်း နိုင်ငံတကာဥပဒေဆိုင်ရာ ကိစ္စရပ်များနှင့် ပတ်သက်၍ အကြံဉာဏ်ပေးမှုများ (advisory opinions) ပြုလုပ်ရန် တောင်းဆိုနိုင်ပါသည် ။,0,0,0,0,0,0,,https://my.wikipedia.org/wiki/%E1%80%80%E1%80%AF%E1%80%9C%E1%80%9E%E1%80%99%E1%80%82%E1%80%B9%E1%80%82,
mya_06f18828,ကုလသမဂ္ဂ အဖွဲ့ဝင်နိုင်ငံအားလုံးသည် ကုလသမဂ္ဂ ပဋိဉာဉ်စာတမ်း၏ အရေးကြီးသော အစိတ်အပိုင်းဖြစ်သည့် ICJ ဥပဒေ (ICJ Statute) ကို လိုက်နာသူများ ဖြစ်ကြပြီး၊ အဖွဲ့ဝင်မဟုတ်သော နိုင်ငံများလည်း ပါဝင်လာနိုင်ပါသည် ။,0,0,0,0,0,0,,https://my.wikipedia.org/wiki/%E1%80%80%E1%80%AF%E1%80%9C%E1%80%9E%E1%80%99%E1%80%82%E1%80%B9%E1%80%82,
mya_6629f543,ICJ ၏ စီရင်ဆုံးဖြတ်ချက်များသည် ပါဝင်ပတ်သက်သော နိုင်ငံများအပေါ် မဖြစ်မနေ လိုက်နာရန် အကျုံးဝင်ပြီး၊ ၎င်း၏ အကြံဉာဏ်ပေးမှုများနှင့်အတူ နိုင်ငံတကာဥပဒေ၏ ရင်းမြစ်များအဖြစ် ဆောင်ရွက်ပါသည် ။,0,0,0,0,0,0,,https://my.wikipedia.org/wiki/%E1%80%80%E1%80%AF%E1%80%9C%E1%80%9E%E1%80%99%E1%80%82%E1%80%B9%E1%80%82,
mya_628bd011,တရားရုံးတွင် တရားသူကြီး ၁၅ ဦးဖြင့် ဖွဲ့စည်းထားပြီး၊ ၎င်းတို့ကို အထွေထွေညီလာခံမှ ကိုးနှစ်သက်တမ်းအတွက် ခန့်အပ်ပါသည် ။,0,0,0,0,0,0,,https://my.wikipedia.org/wiki/%E1%80%80%E1%80%AF%E1%80%9C%E1%80%9E%E1%80%99%E1%80%82%E1%80%B9%E1%80%82,
mya_f1f70a90,တာဝန်ထမ်းဆောင်နေသည့် တရားသူကြီးတိုင်းသည် မတူညီသော နိုင်ငံမှ ဖြစ်ရမည်ဟူသော သတ်မှတ်ချက်လည်း ရှိပါသည် ။,0,0,0,0,0,0,,https://my.wikipedia.org/wiki/%E1%80%80%E1%80%AF%E1%80%9C%E1%80%9E%E1%80%99%E1%80%82%E1%80%B9%E1%80%82,
mya_97406cf3,စီးပွားရေးနှင့် လူမှုရေး ကောင်စီ (ECOSOC) သည် နိုင်ငံတကာ စီးပွားရေးနှင့် လူမှုရေး ပူးပေါင်းဆောင်ရွက်မှုနှင့် ဖွံ့ဖြိုးတိုးတက်မှုကို မြှင့်တင်ရာတွင် အထွေထွေညီလာခံကို ကူညီဆောင်ရွက်ပါသည် ။,0,0,0,0,0,0,,https://my.wikipedia.org/wiki/%E1%80%80%E1%80%AF%E1%80%9C%E1%80%9E%E1%80%99%E1%80%82%E1%80%B9%E1%80%82,
mya_835e0112,၎င်းကို ကမ္ဘာ့ကိစ္စရပ်များအတွက် ကုလသမဂ္ဂ၏ အဓိက ဖိုရမ်အဖြစ် ဆောင်ရွက်ရန် တည်ထောင်ခဲ့ခြင်း ဖြစ်ပြီး၊ ကုလသမဂ္ဂ၏ အကြီးမားဆုံးနှင့် အရှုပ်ထွေးဆုံး အဖွဲ့အစည်းတစ်ခုလည်း ဖြစ်ပါသည် ။,0,0,0,0,0,0,,https://my.wikipedia.org/wiki/%E1%80%80%E1%80%AF%E1%80%9C%E1%80%9E%E1%80%99%E1%80%82%E1%80%B9%E1%80%82,
mya_8acc52ac,ECOSOC ၏ လုပ်ငန်းတာဝန်များတွင် အချက်အလက်များ စုဆောင်းခြင်း၊ လေ့လာမှုများ ပြုလုပ်ခြင်း နှင့် အဖွဲ့ဝင်နိုင်ငံများသို့ အကြံဉာဏ်ပေးခြင်းနှင့် အကြံပြုချက်များ ပြုလုပ်ခြင်းတို့ ပါဝင်သည် ။,0,0,0,0,0,0,,https://my.wikipedia.org/wiki/%E1%80%80%E1%80%AF%E1%80%9C%E1%80%9E%E1%80%99%E1%80%82%E1%80%B9%E1%80%82,
mya_7e905b02,၎င်း၏ လုပ်ငန်းများကို ကျယ်ပြန့်သော ကိစ္စရပ်အမျိုးမျိုးကို အာရုံစိုက်သည့် လက်အောက်ခံ အဖွဲ့အစည်းများမှတစ်ဆင့် အဓိက ဆောင်ရွက်ပါသည် ။,0,0,0,0,0,0,,https://my.wikipedia.org/wiki/%E1%80%80%E1%80%AF%E1%80%9C%E1%80%9E%E1%80%99%E1%80%82%E1%80%B9%E1%80%82,
mya_e8491289,ယင်းတို့တွင် မူရင်းတိုင်းရင်းသားလူမျိုးများဆိုင်ရာ ကိစ္စရပ်များအတွက် ကုလသမဂ္ဂအေဂျင်စီများသို့ အကြံဉာဏ်ပေးသည့် ကုလသမဂ္ဂ မူရင်းတိုင်းရင်းသားလူမျိုးများဆိုင်ရာ အမြဲတမ်းဖိုရမ် (United Nations Permanent Forum on Indigenous Issues)၊ ရေရှည်တည်တံ့သော သစ်တောစီမံခန့်ခွဲမှုကို ပေါင်းစပ်ညှိနှိုင်းပြီး မြှင့်တင်သည့် ကုလသမဂ္ဂ သစ်တောဆိုင်ရာဖိုရမ် (United Nations Forum on Forests)၊ အေဂျင်စီများအကြား အချက်အလက်စုဆောင်းရေး ကြိုးပမ်းမှုများကို ညှိနှိုင်းဆောင်ရွက်သည့် ကုလသမဂ္ဂ စာရင်းအင်းကော်မရှင် (United Nations Statistical Commission) နှင့် ရေရှည်တည်တံ့သော ဖွံ့ဖြိုးတိုးတက်ရေးအတွက် လုပ်ဆောင်နေသော ကုလသမဂ္ဂအေဂျင်စီများနှင့် အစိုးရမဟုတ်သော အဖွဲ့အစည်းများအကြား ကြိုးပမ်းမှုများကို ပေါင်းစပ်ညှိနှိုင်းသည့် ရေရှည်တည်တံ့သော ဖွံ့ဖြိုးတိုးတက်ရေးကော်မရှင် (Commission on Sustainable Development) တို့ ပါဝင်သည် ။,0,0,0,0,0,0,,https://my.wikipedia.org/wiki/%E1%80%80%E1%80%AF%E1%80%9C%E1%80%9E%E1%80%99%E1%80%82%E1%80%B9%E1%80%82,
mya_bcbf149c,ECOSOC သည် အစိုးရမဟုတ်သော အဖွဲ့အစည်းများအား အကြံဉာဏ်ပေးအဖွဲ့အဖြစ် အသိအမှတ်ပြုမှု အဆင့် (consultative status) ကိုလည်း ပေးအပ်နိုင်ပါသည် ။,0,0,0,0,0,0,,https://my.wikipedia.org/wiki/%E1%80%80%E1%80%AF%E1%80%9C%E1%80%9E%E1%80%99%E1%80%82%E1%80%B9%E1%80%82,
mya_d1701b69,"၂၀၂၁ ခုနှစ် ဧပြီလအထိ အဖွဲ့အစည်းပေါင်း ၅,၆၀၀ နီးပါးသည် ဤအဆင့်ကို ရရှိထားကြပါသည် ။",0,0,0,0,0,0,,https://my.wikipedia.org/wiki/%E1%80%80%E1%80%AF%E1%80%9C%E1%80%9E%E1%80%99%E1%80%82%E1%80%B9%E1%80%82,
mya_1391d73c,ကုလသမဂ္ဂ ပဋိဉာဉ်စာတမ်းတွင် ကုလသမဂ္ဂ၏ အဓိကအဖွဲ့အစည်း တစ်ခုချင်းစီသည် ၎င်းတို့၏ တာဝန်များကို ထမ်းဆောင်ရန်အတွက် အမျိုးမျိုးသော အထူးပြုအေဂျင်စီများကို တည်ထောင်နိုင်သည်ဟု ပြဋ္ဌာန်းထားပါသည် ။,0,0,0,0,0,0,,https://my.wikipedia.org/wiki/%E1%80%80%E1%80%AF%E1%80%9C%E1%80%9E%E1%80%99%E1%80%82%E1%80%B9%E1%80%82,
mya_2fe7b823,အထူးပြုအေဂျင်စီများသည် ကိုယ်ပိုင်အုပ်ချုပ်ခွင့်ရ အဖွဲ့အစည်းများဖြစ်ကြပြီး၊ ကုလသမဂ္ဂနှင့် အချင်းချင်းအကြား စီးပွားရေးနှင့် လူမှုရေး ကောင်စီ (ECOSOC) ၏ ပေါင်းစပ်ညှိနှိုင်းမှုယန္တရားမှတစ်ဆင့် ပူးပေါင်းဆောင်ရွက်ကြပါသည် ။,0,0,0,0,0,0,,https://my.wikipedia.org/wiki/%E1%80%80%E1%80%AF%E1%80%9C%E1%80%9E%E1%80%99%E1%80%82%E1%80%B9%E1%80%82,
mya_36c126c4,အေဂျင်စီတစ်ခုချင်းစီကို ကုလသမဂ္ဂ ပဋိဉာဉ်စာတမ်း အပိုဒ် ၅၇ အရ ကုလသမဂ္ဂနှင့် သဘောတူညီချက်ဖြင့် ကုလသမဂ္ဂစနစ်အတွင်း ပေါင်းစည်းထည့်သွင်းထားပါသည် ။,0,0,0,0,0,0,,https://my.wikipedia.org/wiki/%E1%80%80%E1%80%AF%E1%80%9C%E1%80%9E%E1%80%99%E1%80%82%E1%80%B9%E1%80%82,
mya_10778988,လက်ရှိတွင် အထူးပြုအေဂျင်စီ ၁၅ ခုရှိပြီး၊ ၎င်းတို့သည် နိုင်ငံတကာ ခရီးသွားလာရေး လွယ်ကူချောမွေ့စေခြင်း၊ ကပ်ရောဂါများကို ကာကွယ်တားဆီးခြင်းနှင့် ကိုင်တွယ်ဖြေရှင်းခြင်း၊ စီးပွားရေး ဖွံ့ဖြိုးတိုးတက်မှုကို မြှင့်တင်ခြင်းတို့ကဲ့သို့သော ကွဲပြားသည့် လုပ်ငန်းတာဝန်များကို ဆောင်ရွက်ကြပါသည် ။,0,0,0,0,0,0,,https://my.wikipedia.org/wiki/%E1%80%80%E1%80%AF%E1%80%9C%E1%80%9E%E1%80%99%E1%80%82%E1%80%B9%E1%80%82,
mya_8846c43d,ကုလသမဂ္ဂစနစ်တွင် ကိုယ်ပိုင်အုပ်ချုပ်ခွင့်ရပြီး သီးခြားစီမံခန့်ခွဲသည့် ရန်ပုံငွေအဖွဲ့များ၊ အစီအစဉ်များ၊ သုတေသနနှင့် လေ့ကျင့်ရေးဌာနများ နှင့် အခြားသော လက်အောက်ခံအဖွဲ့အစည်းများစွာ ပါဝင်ပါသည် ။,0,0,0,0,0,0,,https://my.wikipedia.org/wiki/%E1%80%80%E1%80%AF%E1%80%9C%E1%80%9E%E1%80%99%E1%80%82%E1%80%B9%E1%80%82,
mya_ddfa6861,ဤအဖွဲ့အစည်းတစ်ခုစီတွင် ၎င်းတို့၏ လုပ်ငန်းနယ်ပယ်၊ အုပ်ချုပ်မှုပုံစံနှင့် ဘတ်ဂျက်များ သီးခြားစီရှိကြပါသည် ။,0,0,0,0,0,0,,https://my.wikipedia.org/wiki/%E1%80%80%E1%80%AF%E1%80%9C%E1%80%9E%E1%80%99%E1%80%82%E1%80%B9%E1%80%82,
mya_d4db3af8,ကမ္ဘာ့ကုန်သွယ်ရေးအဖွဲ့ (WTO) နှင့် နိုင်ငံတကာ အနုမြူစွမ်းအင် အေဂျင်စီ (IAEA) ကဲ့သို့သော အချို့အဖွဲ့အစည်းများသည် ကုလသမဂ္ဂနှင့် သီးခြားလည်ပတ်သော်လည်း တရားဝင် ပူးပေါင်းဆောင်ရွက်မှု သဘောတူညီချက်များ ရှိကြပါသည် ။,0,0,0,0,0,0,,https://my.wikipedia.org/wiki/%E1%80%80%E1%80%AF%E1%80%9C%E1%80%9E%E1%80%99%E1%80%82%E1%80%B9%E1%80%82,
mya_c4c1114d,ကုလသမဂ္ဂသည် ၎င်း၏ လူသားချင်းစာနာထောက်ထားမှုဆိုင်ရာ လုပ်ငန်းများစွာကို ဤအဖွဲ့အစည်းများမှတစ်ဆင့် ဆောင်ရွက်ပါသည် ။,0,0,0,0,0,0,,https://my.wikipedia.org/wiki/%E1%80%80%E1%80%AF%E1%80%9C%E1%80%9E%E1%80%99%E1%80%82%E1%80%B9%E1%80%82,
mya_914cf88a,ဥပမာအားဖြင့် ကမ္ဘာ့စားနပ်ရိက္ခာအစီအစဉ် (World Food Programme - WFP) မှတစ်ဆင့် ငတ်မွတ်ခေါင်းပါးမှုနှင့် အာဟာရချို့တဲ့မှုကို ကာကွယ်ခြင်း၊ ကုလသမဂ္ဂဒုက္ခသည်များဆိုင်ရာမဟာမင်းကြီးရုံး (UNHCR) မှတစ်ဆင့် ထိခိုက်လွယ်သူများနှင့် နေရပ်စွန့်ခွာသူများကို ကာကွယ်စောင့်ရှောက်ခြင်း၊ နှင့် ကုလသမဂ္ဂ အိတ်ခ်ျအိုင်ဗွီ/အေအိုင်ဒီအက်စ် ပူးပေါင်းအစီအစဉ် (UNAIDS) မှတစ်ဆင့် အိတ်ခ်ျအိုင်ဗွီ/အေအိုင်ဒီအက်စ် ကပ်ရောဂါကို တိုက်ဖျက်ခြင်းတို့ ဖြစ်ပါသည် ။,0,0,0,0,0,0,,https://my.wikipedia.org/wiki/%E1%80%80%E1%80%AF%E1%80%9C%E1%80%9E%E1%80%99%E1%80%82%E1%80%B9%E1%80%82,
mya_ae0dd241,ကမ္ဘာပေါ်ရှိ အငြင်းပွားမှုမရှိသော လွတ်လပ်သည့် နိုင်ငံအားလုံးသည် ကုလသမဂ္ဂ၏ အဖွဲ့ဝင်များ ဖြစ်ကြပါသည် ။,0,0,0,0,0,0,,https://my.wikipedia.org/wiki/%E1%80%80%E1%80%AF%E1%80%9C%E1%80%9E%E1%80%99%E1%80%82%E1%80%B9%E1%80%82,
mya_b41b8d7d,လက်ရှိတွင် ကုလသမဂ္ဂ အဖွဲ့ဝင်နိုင်ငံ စုစုပေါင်း ၁၉၃ နိုင်ငံရှိပြီး၊ ၂၀၁၁ ခုနှစ် ဇူလိုင်လ ၁၄ ရက်နေ့တွင် ပူးပေါင်းပါဝင်ခဲ့သော တောင်ဆူဒန်နိုင်ငံသည် နောက်ဆုံးတွင် အဖွဲ့ဝင်ဖြစ်လာခဲ့သည့် နိုင်ငံ ဖြစ်ပါသည် ။,0,0,0,0,0,0,,https://my.wikipedia.org/wiki/%E1%80%80%E1%80%AF%E1%80%9C%E1%80%9E%E1%80%99%E1%80%82%E1%80%B9%E1%80%82,
mya_39a412a9,"ကုလသမဂ္ဂ ပဋိဉာဉ်စာတမ်းတွင် အဖွဲ့ဝင်ဖြစ်ရေး စည်းမျဉ်းများကို အောက်ပါအတိုင်း ဖော်ပြထားသည်-""ကုလသမဂ္ဂ အဖွဲ့ဝင်ဖြစ်ရေးသည် လက်ရှိ ပဋိဉာဉ်စာတမ်းတွင် ပါရှိသော တာဝန်များကို လက်ခံသည့် ငြိမ်းချမ်းရေးကို မြတ်နိုးသော အခြားနိုင်ငံအားလုံးအတွက် ဖွင့်လှစ်ထားပြီး၊ အဖွဲ့အစည်း၏ ဆုံးဖြတ်ချက်အရ ထိုတာဝန်များကို ထမ်းဆောင်နိုင်စွမ်းရှိပြီး ထမ်းဆောင်လိုစိတ်ရှိရမည် ။",0,0,0,0,0,0,,https://my.wikipedia.org/wiki/%E1%80%80%E1%80%AF%E1%80%9C%E1%80%9E%E1%80%99%E1%80%82%E1%80%B9%E1%80%82,
mya_b1abbde8,ထိုသို့သော နိုင်ငံတစ်ရပ်ရပ်ကို ကုလသမဂ္ဂ အဖွဲ့ဝင်အဖြစ် လက်ခံခြင်းသည် လုံခြုံရေးကောင်စီ၏ ထောက်ခံချက်အပေါ် အခြေခံ၍ အထွေထွေညီလာခံ၏ ဆုံးဖြတ်ချက်ဖြင့် အတည်ပြုရမည် ။,0,0,0,0,0,0,,https://my.wikipedia.org/wiki/%E1%80%80%E1%80%AF%E1%80%9C%E1%80%9E%E1%80%99%E1%80%82%E1%80%B9%E1%80%82,
mya_8cd87658,""" (အခန်း ၂၊ အပိုဒ် ၄)ထို့အပြင်၊ အဖွဲ့ဝင်မဟုတ်သော လေ့လာသူနိုင်ငံနှစ်ခု ရှိပြီး ၎င်းတို့မှာ Holy See (ဗာတီကန်) နှင့် ပါလက်စတိုင်းတို့ ဖြစ်ကြပါသည် ။",0,0,0,0,0,0,,https://my.wikipedia.org/wiki/%E1%80%80%E1%80%AF%E1%80%9C%E1%80%9E%E1%80%99%E1%80%82%E1%80%B9%E1%80%82,
mya_867997e7,"နယူးဇီလန်နိုင်ငံနှင့် လွတ်လပ်စွာ ပူးပေါင်းဆောင်ရွက်နေသော နိုင်ငံများဖြစ်သည့် ကွတ်ကျွန်းစု (Cook Islands) နှင့် နျူးအေး (Niue) တို့သည် ကုလသမဂ္ဂ၏ အထူးပြုအေဂျင်စီအချို့တွင် အပြည့်အဝ အဖွဲ့ဝင်များဖြစ်ကြပြီး၊ ၎င်းတို့၏ ""စာချုပ်ချုပ်ဆိုနိုင်စွမ်း အပြည့်အဝရှိခြင်း"" ကို အတွင်းရေးမှူးချုပ်ရုံးမှ အသိအမှတ်ပြုထားပါသည် ။",0,0,0,0,0,0,,https://my.wikipedia.org/wiki/%E1%80%80%E1%80%AF%E1%80%9C%E1%80%9E%E1%80%99%E1%80%82%E1%80%B9%E1%80%82,
mya_3f577fb0,ဆူကာနို ဦးဆောင်သော အင်ဒိုနီးရှားနိုင်ငံသည် ၁၉၆၅ ခုနှစ်တွင် မလေးရှားနိုင်ငံအား လုံခြုံရေးကောင်စီ၏ အမြဲတမ်းမဟုတ်သော အဖွဲ့ဝင်အဖြစ် ရွေးချယ်ခြင်းကို ကန့်ကွက်သည့်အနေဖြင့် (နိုင်ငံနှစ်ခုအကြား ပဋိပက္ခဖြစ်ပွားနေချိန်) ကုလသမဂ္ဂမှ နုတ်ထွက်ရန် ကြိုးပမ်းခဲ့သည့် ပထမဆုံးနှင့် တစ်ခုတည်းသော နိုင်ငံ ဖြစ်ခဲ့ပါသည် ။,0,0,0,0,0,0,,https://my.wikipedia.org/wiki/%E1%80%80%E1%80%AF%E1%80%9C%E1%80%9E%E1%80%99%E1%80%82%E1%80%B9%E1%80%82,
mya_6d2c755b,ကုလသမဂ္ဂ၏ ပြိုင်ဘက်အဖြစ် ခေတ္တတည်ထောင်ခဲ့သော CONEFO အဖွဲ့အစည်းကို ဖွဲ့စည်းပြီးနောက် အင်ဒိုနီးရှားသည် ၁၉၆၆ ခုနှစ်တွင် ကုလသမဂ္ဂ အဖွဲ့ဝင်အဖြစ် ပြန်လည်ဝင်ရောက်ခဲ့ပါသည် ။,0,0,0,0,0,0,,https://my.wikipedia.org/wiki/%E1%80%80%E1%80%AF%E1%80%9C%E1%80%9E%E1%80%99%E1%80%82%E1%80%B9%E1%80%82,
mya_1fa9afff,ကုလသမဂ္ဂသည် အဖွဲ့ဝင်နိုင်ငံများမှ အချိုးကျ ထည့်ဝင်သော ဘဏ္ဍာငွေများဖြင့် ရပ်တည်သည် ။,0,0,0,0,0,0,,https://my.wikipedia.org/wiki/%E1%80%80%E1%80%AF%E1%80%9C%E1%80%9E%E1%80%99%E1%80%82%E1%80%B9%E1%80%82,
mya_6d11428f,လက်ရှိ အသုံးပြုလျက်ရှိသည့် ရန်ပုံငွေမှာ ခန့်မှန်း အမေရိကန်ဒေါ်လာ (၄.၁၉) ဘီလီယံ ခန့် ရှိသည် ။,0,0,0,0,0,0,,https://my.wikipedia.org/wiki/%E1%80%80%E1%80%AF%E1%80%9C%E1%80%9E%E1%80%99%E1%80%82%E1%80%B9%E1%80%82,
mya_07e71679,အဓိက အသုံးစရိတ်များသည် ကုလသမဂ္ဂ၏ အဓိက လုပ်ငန်းဖြစ်သော လုံခြုံရေးနှင့် ငြိမ်းချမ်းရေး ထိန်းသိမ်းမှု လုပ်ငန်းများတွင် အသုံးပြုသည် ။,0,0,0,0,0,0,,https://my.wikipedia.org/wiki/%E1%80%80%E1%80%AF%E1%80%9C%E1%80%9E%E1%80%99%E1%80%82%E1%80%B9%E1%80%82,
mya_8bb21e86,၂၀၀၅ - ၀၆ ဘဏ္ဍာနှစ်၏ ငြိမ်းချမ်းရေး ထိန်းသိမ်းမှု လုပ်ငန်းများအတွက် အသုံးစရိတ်မှာ အမေရိကန်ဒေါ်လာ (၅) ဘီလီယံခန့် ရှိသည် ။,0,0,0,0,0,0,,https://my.wikipedia.org/wiki/%E1%80%80%E1%80%AF%E1%80%9C%E1%80%9E%E1%80%99%E1%80%82%E1%80%B9%E1%80%82,
mya_d6e9a12b,ကုလသမဂ္ဂ အထွေထွေအတွင်းရေးမှူးချုပ်သည် ကုလသမဂ္ဂ အထွေထွေညီလာခံကို ဦးဆောင် ကျင်းပသူဖြစ်ပြီး ကုလသမဂ္ဂ၏ ပြောရေးဆိုခွင့် ရှိသူနှင့် ခေါင်းဆောင်လည်း ဖြစ်သည် ။,0,0,0,0,0,0,,https://my.wikipedia.org/wiki/%E1%80%80%E1%80%AF%E1%80%9C%E1%80%9E%E1%80%99%E1%80%82%E1%80%B9%E1%80%82,
mya_c6b3da0d,အထွေထွေ အတွင်းရေးမှူးချုပ်ကို မဲစနစ်ဖြင့် ရွေးချယ်ခြင်းဖြစ်ပြီး လုံခြုံရေးကောင်စီ၏ ထောက်ခံမှုဖြင့် အထွေထွေညီလာခံက အတည်ပြုခြင်း ဖြစ်သည် ။,0,0,0,0,0,0,,https://my.wikipedia.org/wiki/%E1%80%80%E1%80%AF%E1%80%9C%E1%80%9E%E1%80%99%E1%80%82%E1%80%B9%E1%80%82,
mya_98f5618e,မဲပေးရာတွင် လုံခြုံရေးကောင်စီ အဖွဲ့ဝင် နိုင်ငံတိုင်းက မဲပေးခွင့် ရှိသည် ။,0,0,0,0,0,0,,https://my.wikipedia.org/wiki/%E1%80%80%E1%80%AF%E1%80%9C%E1%80%9E%E1%80%99%E1%80%82%E1%80%B9%E1%80%82,
mya_fdef481e,ကုလသမဂ္ဂ အထွေထွေအတွင်းရေးမှူးချုပ် (အင်္ဂလိပ်: Secretary-General of the United Nations; အတိုကောက် UNSG သို့မဟုတ် SG) သည် ကုလသမဂ္ဂ၏ ပင်မဌာနငါးခုတွင် အပါအဝင်ဖြစ်သော ကုလသမဂ္ဂ အထွေထွေအတွင်းရေးမှူးချုပ်ရုံး၏ အကြီးအကဲဖြစ်သည် ။,0,0,0,0,0,0,,https://my.wikipedia.org/wiki/%E1%80%80%E1%80%AF%E1%80%9C%E1%80%9E%E1%80%99%E1%80%82%E1%80%B9%E1%80%82%20%E1%80%A1%E1%80%91%E1%80%BD%E1%80%B1%E1%80%91%E1%80%BD%E1%80%B1%E1%80%A1%E1%80%90%E1%80%BD%E1%80%84%E1%80%BA%E1%80%B8%E1%80%9B%E1%80%B1%E1%80%B8%E1%80%99%E1%80%BE%E1%80%B0%E1%80%B8%E1%80%81%E1%80%BB%E1%80%AF%E1%80%95%E1%80%BA,
mya_b3d09523,အထွေထွေအတွင်းရေးမှူးချုပ်သည် ကုလသမဂ္ဂ၏ အုပ်ချုပ်ရေးအရာရှိအဖြစ် တာဝန်ယူသည် ။,0,0,0,0,0,0,,https://my.wikipedia.org/wiki/%E1%80%80%E1%80%AF%E1%80%9C%E1%80%9E%E1%80%99%E1%80%82%E1%80%B9%E1%80%82%20%E1%80%A1%E1%80%91%E1%80%BD%E1%80%B1%E1%80%91%E1%80%BD%E1%80%B1%E1%80%A1%E1%80%90%E1%80%BD%E1%80%84%E1%80%BA%E1%80%B8%E1%80%9B%E1%80%B1%E1%80%B8%E1%80%99%E1%80%BE%E1%80%B0%E1%80%B8%E1%80%81%E1%80%BB%E1%80%AF%E1%80%95%E1%80%BA,
mya_81baf387,ကုလသမဂ္ဂ အထွေထွေအတွင်းရေးမှူးချုပ်ရုံးနှင့် အထွေထွေအတွင်းရေးမှူးချုပ်၏ တာဝန်နှင့် လုပ်ပိုင်ခွင့်များကို ကုလသမဂ္ဂ ဖွဲ့စည်းပုံဥပဒေ၏ အခန်း ၁၅ တွင် ဖော်ပြထားသည် ။,0,0,0,0,0,0,,https://my.wikipedia.org/wiki/%E1%80%80%E1%80%AF%E1%80%9C%E1%80%9E%E1%80%99%E1%80%82%E1%80%B9%E1%80%82%20%E1%80%A1%E1%80%91%E1%80%BD%E1%80%B1%E1%80%91%E1%80%BD%E1%80%B1%E1%80%A1%E1%80%90%E1%80%BD%E1%80%84%E1%80%BA%E1%80%B8%E1%80%9B%E1%80%B1%E1%80%B8%E1%80%99%E1%80%BE%E1%80%B0%E1%80%B8%E1%80%81%E1%80%BB%E1%80%AF%E1%80%95%E1%80%BA,
mya_69682123,၂၀၁၇ ခုနှစ်တွင် တာဝန်ထမ်းဆောင်လျက်ရှိသော အထွေထွေအတွင်းရေးမှူးချုပ်မှာ အန်တိုနီရို ဂူတာရက်စ် ဖြစ်ပြီး ၂၀၁၆ ခုနှစ် အောက်တိုဘာ ၁၃ ရက်နေ့တွင် ကုလသမဂ္ဂ အထွေထွေညီလာခံမှတဆင့် ခန့်အပ်ခဲ့သည် ။,0,0,0,0,0,0,,https://my.wikipedia.org/wiki/%E1%80%80%E1%80%AF%E1%80%9C%E1%80%9E%E1%80%99%E1%80%82%E1%80%B9%E1%80%82%20%E1%80%A1%E1%80%91%E1%80%BD%E1%80%B1%E1%80%91%E1%80%BD%E1%80%B1%E1%80%A1%E1%80%90%E1%80%BD%E1%80%84%E1%80%BA%E1%80%B8%E1%80%9B%E1%80%B1%E1%80%B8%E1%80%99%E1%80%BE%E1%80%B0%E1%80%B8%E1%80%81%E1%80%BB%E1%80%AF%E1%80%95%E1%80%BA,
mya_08a46a30,ကုလသမဂ္ဂ အထွေထွေအတွင်းရေးမှူးချုပ်၏ နေထိုင်ရာသည် အမှတ် ၃၊ ယောက်ရိပ်သာ / ဆက်တွန်ရပ်၊ မဟက်တန်၊ နယူးယောက်မြို့၊ နယူးယောက်ပြည်နယ်၊ အမေရိကန် ပြည်ထောင်စု ဖြစ်သည် ။,0,0,0,0,0,0,,https://my.wikipedia.org/wiki/%E1%80%80%E1%80%AF%E1%80%9C%E1%80%9E%E1%80%99%E1%80%82%E1%80%B9%E1%80%82%20%E1%80%A1%E1%80%91%E1%80%BD%E1%80%B1%E1%80%91%E1%80%BD%E1%80%B1%E1%80%A1%E1%80%90%E1%80%BD%E1%80%84%E1%80%BA%E1%80%B8%E1%80%9B%E1%80%B1%E1%80%B8%E1%80%99%E1%80%BE%E1%80%B0%E1%80%B8%E1%80%81%E1%80%BB%E1%80%AF%E1%80%95%E1%80%BA,
mya_563d716e,နေအိမ်သည် ၁၉၂၁ ခုနှစ်တွင် အန်း မော်ဂန် အတွက် ဆောက်လုပ်ခဲ့ခြင်း ဖြစ်ပြီး ကုလသမဂ္ဂသို့ ၁၉၇၂ ခုနှစ်တွင် လှူဒါန်းခဲ့သည် ။,0,0,0,0,0,0,,https://my.wikipedia.org/wiki/%E1%80%80%E1%80%AF%E1%80%9C%E1%80%9E%E1%80%99%E1%80%82%E1%80%B9%E1%80%82%20%E1%80%A1%E1%80%91%E1%80%BD%E1%80%B1%E1%80%91%E1%80%BD%E1%80%B1%E1%80%A1%E1%80%90%E1%80%BD%E1%80%84%E1%80%BA%E1%80%B8%E1%80%9B%E1%80%B1%E1%80%B8%E1%80%99%E1%80%BE%E1%80%B0%E1%80%B8%E1%80%81%E1%80%BB%E1%80%AF%E1%80%95%E1%80%BA,
mya_f79b5c0b,ဩဂုတ် ၂၀၂၆ အထိ သက်ရှိထင်ရှားရှိနေသော အထွေထွေ အတွင်းရေးမှူးချုပ်ဟောင်းမှာ ဘန်ကီမွန်း ဖြစ်သည် ။,0,0,0,0,0,0,,https://my.wikipedia.org/wiki/%E1%80%80%E1%80%AF%E1%80%9C%E1%80%9E%E1%80%99%E1%80%82%E1%80%B9%E1%80%82%20%E1%80%A1%E1%80%91%E1%80%BD%E1%80%B1%E1%80%91%E1%80%BD%E1%80%B1%E1%80%A1%E1%80%90%E1%80%BD%E1%80%84%E1%80%BA%E1%80%B8%E1%80%9B%E1%80%B1%E1%80%B8%E1%80%99%E1%80%BE%E1%80%B0%E1%80%B8%E1%80%81%E1%80%BB%E1%80%AF%E1%80%95%E1%80%BA,
mya_4c0a5e81,​နောက်ဆုံး ကွယ်လွန်ခဲ့သော အထွေထွေ အတွင်းရေးမှူးချုပ်ဟောင်းမှာ ၂၀၂၀ပြည့်နှစ် မတ်လ ၄ ရက်နေ့တွင် ကွယ်လွန်ခဲ့သော ဟာဗီးယား ပဲရက်စ် ဒီ ကွေးလျား (၁၉၈၂ -၁၉၉၁) ဖြစ်သည် ။,0,0,0,0,0,0,,https://my.wikipedia.org/wiki/%E1%80%80%E1%80%AF%E1%80%9C%E1%80%9E%E1%80%99%E1%80%82%E1%80%B9%E1%80%82%20%E1%80%A1%E1%80%91%E1%80%BD%E1%80%B1%E1%80%91%E1%80%BD%E1%80%B1%E1%80%A1%E1%80%90%E1%80%BD%E1%80%84%E1%80%BA%E1%80%B8%E1%80%9B%E1%80%B1%E1%80%B8%E1%80%99%E1%80%BE%E1%80%B0%E1%80%B8%E1%80%81%E1%80%BB%E1%80%AF%E1%80%95%E1%80%BA,
mya_eda031d0,ကိုဖီအန်နန်မှာ ၂၀၁၈ခုနှစ် ဩဂုတ်လ၁၈ရက်တွင်ကွယ်လွန်ခဲ့သည် ။,0,0,0,0,0,0,,https://my.wikipedia.org/wiki/%E1%80%80%E1%80%AF%E1%80%9C%E1%80%9E%E1%80%99%E1%80%82%E1%80%B9%E1%80%82%20%E1%80%A1%E1%80%91%E1%80%BD%E1%80%B1%E1%80%91%E1%80%BD%E1%80%B1%E1%80%A1%E1%80%90%E1%80%BD%E1%80%84%E1%80%BA%E1%80%B8%E1%80%9B%E1%80%B1%E1%80%B8%E1%80%99%E1%80%BE%E1%80%B0%E1%80%B8%E1%80%81%E1%80%BB%E1%80%AF%E1%80%95%E1%80%BA,
mya_e365eba8,မြန်မာ့သမိုင်းသည် လွန်ခဲ့သော နှစ်ပေါင်း ၁၃၀၀၀ ပထမဆုံးလူသားအခြေချနေထိုင်ခဲ့သောကာလမှ ယနေ့ခေတ်အထိ အကျုံးဝင်သည် ။,0,0,0,0,0,0,,https://my.wikipedia.org/wiki/%E1%80%99%E1%80%BC%E1%80%94%E1%80%BA%E1%80%99%E1%80%AC%E1%80%B7%E1%80%9E%E1%80%99%E1%80%AD%E1%80%AF%E1%80%84%E1%80%BA%E1%80%B8,
mya_7af3a8a6,သမိုင်းတင်ခေတ်၏ အစောဆုံးလူသားများသည် တိဗက်-ဗမာစကားပြောလူမျိုးများဖြစ်ကြသည် ။,0,0,0,0,0,0,,https://my.wikipedia.org/wiki/%E1%80%99%E1%80%BC%E1%80%94%E1%80%BA%E1%80%99%E1%80%AC%E1%80%B7%E1%80%9E%E1%80%99%E1%80%AD%E1%80%AF%E1%80%84%E1%80%BA%E1%80%B8,
mya_7c20da86,သူတို့သည် ပြည်ဒေသအထိ ကျယ်ဝန်းသော ပျူမြို့ပြနိုင်ငံများကို တည်ထောင်ခဲ့ကြပြီး ထေရဝါဒဗုဒ္ဓဘာသာကို ကိုးကွယ်ခဲ့ကြသည် ။,0,0,0,0,0,0,,https://my.wikipedia.org/wiki/%E1%80%99%E1%80%BC%E1%80%94%E1%80%BA%E1%80%99%E1%80%AC%E1%80%B7%E1%80%9E%E1%80%99%E1%80%AD%E1%80%AF%E1%80%84%E1%80%BA%E1%80%B8,
mya_d19832aa,လက်ငင်းလေ့လာနိုင်သည့် သမိုင်းမှတ်တမ်းများအရ ၉ရာစုအစောပိုင်းတွင် ဗမာလူမျိုးစုအဖြစ်ထင်ရှားလာကာ ဧရာဝတီမြစ်ဝှမ်းနှင့် ၎င်း၏ အစွန်အဖျားဒေသများကို ပထမဆုံးအကြိမ်အဖြစ် စုစည်း၍ ပုဂံဘုရင့်နိုင်ငံကို ဆက်လက်တည်ထောင်ခဲ့ကြသည် ။,0,0,0,0,0,0,,https://my.wikipedia.org/wiki/%E1%80%99%E1%80%BC%E1%80%94%E1%80%BA%E1%80%99%E1%80%AC%E1%80%B7%E1%80%9E%E1%80%99%E1%80%AD%E1%80%AF%E1%80%84%E1%80%BA%E1%80%B8,
mya_0afc475c,ဤကာလအတွင်း ဗမာဘာသာ၊ ဗမာ့ယဉ်ကျေးမှုသည် ယနေ့ပျူဟုခေါ်သော အစောပိုင်း ဓလေ့များကို တဖြည်းဖြည်း အစားထိုးဝင်ရောက်လာခဲ့သည် ။,0,0,0,0,0,0,,https://my.wikipedia.org/wiki/%E1%80%99%E1%80%BC%E1%80%94%E1%80%BA%E1%80%99%E1%80%AC%E1%80%B7%E1%80%9E%E1%80%99%E1%80%AD%E1%80%AF%E1%80%84%E1%80%BA%E1%80%B8,
mya_d6955e34,၁၂၈၇ ခု မွန်ဂိုကျူးကျော်စစ်ဖြစ်ပြီးနောက် ဘုရင့်နိုင်ငံငယ်အများအဖြစ် ပြိုကွဲသွားခဲ့ရာ ထိုအထဲတွင် အင်းဝဘုရင့်နိုင်ငံ၊ ဟံသာဝတီဘုရင့်နိုင်ငံ၊ မြောက်ဦးဘုရင့်နိုင်ငံနှင့် ရှမ်းပြည်ထောင်များသည် အဓိကအင်အားစုနိုင်ငံများဖြစ်ခဲ့ကြသည် ။,0,0,0,0,0,0,,https://my.wikipedia.org/wiki/%E1%80%99%E1%80%BC%E1%80%94%E1%80%BA%E1%80%99%E1%80%AC%E1%80%B7%E1%80%9E%E1%80%99%E1%80%AD%E1%80%AF%E1%80%84%E1%80%BA%E1%80%B8,
mya_e23ca222,ထိုဘုရင့်နိုင်ငံများသည် တစ်နိုင်ငံနှင့် တစ်နိုင်ငံ မဟာမိတ်အကူးအပြောင်း၊ စစ်မက်အရေးအခင်းများဖြင့် နိုင်ငံ့ရှုခင်းကို လွှမ်းမိုးခြယ်လှယ်ခဲ့ကြသည် ။,0,0,0,0,0,0,,https://my.wikipedia.org/wiki/%E1%80%99%E1%80%BC%E1%80%94%E1%80%BA%E1%80%99%E1%80%AC%E1%80%B7%E1%80%9E%E1%80%99%E1%80%AD%E1%80%AF%E1%80%84%E1%80%BA%E1%80%B8,
mya_c585cef9,၁၆ရာစုအလယ်တွင် တောင်ငူမင်းဆက်(၁၅၁၀-၁၇၅၂)သည် နိုင်ငံကိုပြန်လည်စုစည်း၍ အရှေ့တောင်အာရှသမိုင်းတွင် အကြီးဆုံးအင်ပါယာကြီးကို တည်ထောင်ခဲ့သည် ။,0,0,0,0,0,0,,https://my.wikipedia.org/wiki/%E1%80%99%E1%80%BC%E1%80%94%E1%80%BA%E1%80%99%E1%80%AC%E1%80%B7%E1%80%9E%E1%80%99%E1%80%AD%E1%80%AF%E1%80%84%E1%80%BA%E1%80%B8,
mya_577f2bef,နောက်ပိုင်းတောင်ငူမင်းများသည် အဓိကအုပ်ချုပ်ရေး၊ စီးပွားရေးပြုပြင်ပြောင်းလဲမှုများကို ပြဋ္ဌာန်း၍ ၁၇ရာစုနှင့် ၁၈ရာစုဦးတွင် ပိုသေးငယ်၊ ပိုငြိမ်းချမ်း၍ ချမ်းသာကြွယ်ဝသော ဘုရင့်နိုင်ငံကို ပေါ်ပေါက်စေခဲ့သည် ။,0,0,0,0,0,0,,https://my.wikipedia.org/wiki/%E1%80%99%E1%80%BC%E1%80%94%E1%80%BA%E1%80%99%E1%80%AC%E1%80%B7%E1%80%9E%E1%80%99%E1%80%AD%E1%80%AF%E1%80%84%E1%80%BA%E1%80%B8,
mya_3769a6dc,၁၈ရာစုအလယ်တွင် ကုန်းဘောင်မင်းဆက်(၁၇၅၂-၁၈၈၅)သည် နိုင်ငံကို ပြန်လည်ထိန်းသိမ်းခဲ့ပြီး အစွန်အဖျားဒေသများတွင် ဗဟိုအုပ်စိုးမှုတိုးမြှင့်ထားသည့် တောင်ငူခေတ်ပြုပြင်ပြောင်းလဲမှုအတိုင်း ဆက်လက်ကျင့်သုံးခဲ့သည် ။,0,0,0,0,0,0,,https://my.wikipedia.org/wiki/%E1%80%99%E1%80%BC%E1%80%94%E1%80%BA%E1%80%99%E1%80%AC%E1%80%B7%E1%80%9E%E1%80%99%E1%80%AD%E1%80%AF%E1%80%84%E1%80%BA%E1%80%B8,
mya_e6cdd90b,ကုန်းဘောင်မင်းဆက်သည် အာရှတိုက်တွင် စာတတ်မြောက်သူဦးရေအများဆုံးနိုင်ငံများအနက်မှ တစ်နိုင်ငံဖြစ်စေခဲ့သည် ။,0,0,0,0,0,0,,https://my.wikipedia.org/wiki/%E1%80%99%E1%80%BC%E1%80%94%E1%80%BA%E1%80%99%E1%80%AC%E1%80%B7%E1%80%9E%E1%80%99%E1%80%AD%E1%80%AF%E1%80%84%E1%80%BA%E1%80%B8,
mya_7490c954,၎င်းသည် အိမ်နီးချင်းနိုင်ငံအားလုံးနှင့်လည်း စစ်မက်ဆက်လက်ဖြစ်ပွားခဲ့သည် ။,0,0,0,0,0,0,,https://my.wikipedia.org/wiki/%E1%80%99%E1%80%BC%E1%80%94%E1%80%BA%E1%80%99%E1%80%AC%E1%80%B7%E1%80%9E%E1%80%99%E1%80%AD%E1%80%AF%E1%80%84%E1%80%BA%E1%80%B8,
mya_80b7122b,အင်္ဂလိပ်-ဗမာစစ်ပွဲစဉ်(၁၈၂၄-၁၈၈၅)ထိ အင်္ဂလိပ်-မြန်မာ စစ်ပွဲသုံးကြိမ်ဖြစ်ပွားခဲ့ပြီး မြန်မာနိုင်ငံသည် ဗြိတိသျှကိုလိုနီအုပ်ချုပ်မှုလက်အောက်သို့ ကျရောက်ခဲ့သည် ။,0,0,0,0,0,0,,https://my.wikipedia.org/wiki/%E1%80%99%E1%80%BC%E1%80%94%E1%80%BA%E1%80%99%E1%80%AC%E1%80%B7%E1%80%9E%E1%80%99%E1%80%AD%E1%80%AF%E1%80%84%E1%80%BA%E1%80%B8,
mya_12d13e2e,ဗြိတိသျှအုပ်ချုပ်မှုသည် လူမှုရေး၊စီးပွားရေး၊ယဉ်ကျေးမှု၊အုပ်ချုပ်ရေးပြောင်းလဲမှုများကို ယူဆောင်လာခဲ့သည် ။,0,0,0,0,0,0,,https://my.wikipedia.org/wiki/%E1%80%99%E1%80%BC%E1%80%94%E1%80%BA%E1%80%99%E1%80%AC%E1%80%B7%E1%80%9E%E1%80%99%E1%80%AD%E1%80%AF%E1%80%84%E1%80%BA%E1%80%B8,
mya_3c5d887f,၁၉၄၈ လွတ်လပ်ရေးရပြီးချိန်မှစ၍ ယနေ့အချိန်ထိ နိုင်ငံသည် နိုင်ငံရေးနှင့်တိုင်းရင်းသားလူနည်းစုများကို ကိုယ်စားပြုသော လက်နက်ကိုင်အဖွဲ့များနှင့် ခေတ်အဆက်ဆက်ဗဟိုအစိုးရများအကြား ဖြစ်ပွားခဲ့သော ပဋိပက္ခများကို ဖြေရှင်းနိုင်ခြင်းမရှိသေးပေ ။,0,0,0,0,0,0,,https://my.wikipedia.org/wiki/%E1%80%99%E1%80%BC%E1%80%94%E1%80%BA%E1%80%99%E1%80%AC%E1%80%B7%E1%80%9E%E1%80%99%E1%80%AD%E1%80%AF%E1%80%84%E1%80%BA%E1%80%B8,
mya_0e3862ae,နိုင်ငံသည် ၁၉၆၂ မှ ၂၀၁၀ အထိနှင့် တစ်ဖန် ၂၀၂၁ မှ ယနေ့အထိ စစ်တပ်၏ အသွင်ပြောင်းအုပ်ချုပ်မှုအမျိုးမျိုးအောက်ရောက်ခဲ့ပြီး တိုင်းပြည်ပထဝီအနေအထားအရ ပြည်ပစွက်ဖက်မှုများ ခံရကာ ဤသို့ သံသရာလည်ဖြစ်စဉ်ကြောင့် နဂိုကိုယ်ခံအားမကောင်းနိုင်သေးသည့်နိုင်ငံသည် ကမ္ဘာပေါ်တွင် ဖွံ့ဖြိုးမှုအနိမ့်ဆုံးနိုင်ငံများအနက်မှ တစ်နိုင်ငံဖြစ်နေဆဲပင်ဖြစ်သည် ။,0,0,0,0,0,0,,https://my.wikipedia.org/wiki/%E1%80%99%E1%80%BC%E1%80%94%E1%80%BA%E1%80%99%E1%80%AC%E1%80%B7%E1%80%9E%E1%80%99%E1%80%AD%E1%80%AF%E1%80%84%E1%80%BA%E1%80%B8,
mya_0f4fcb61,အစောဆုံးသုတေသနအထောက်အထားများက အတည်ပြုထားသည်မှာ မြန်မာ့ဒေသတွင် ဘီစီ ၁၁၀၀၀ လောက်ကတည်းက ယဉ်ကျေးမှုများတည်ရှိခဲ့သည် ။,0,0,0,0,0,0,,https://my.wikipedia.org/wiki/%E1%80%99%E1%80%BC%E1%80%94%E1%80%BA%E1%80%99%E1%80%AC%E1%80%B7%E1%80%9E%E1%80%99%E1%80%AD%E1%80%AF%E1%80%84%E1%80%BA%E1%80%B8,
mya_45541717,အစောပိုင်းအခြေချနေထိုင်မှုအမှတ်အသားအများစုကို အလယ်ပိုင်းခြောက်သွေ့ဇုန်တွင် တွေ့ရှိခဲ့ပြီး ကွက်တိကွက်ကြားအခြေချမှုများသည် ဧရာဝတီမြစ်ကမ်းစပ် အနီးအပါးဒေသများတွင် ပေါ်ပေါက်လာခဲ့သည် ။,0,0,0,0,0,0,,https://my.wikipedia.org/wiki/%E1%80%99%E1%80%BC%E1%80%94%E1%80%BA%E1%80%99%E1%80%AC%E1%80%B7%E1%80%9E%E1%80%99%E1%80%AD%E1%80%AF%E1%80%84%E1%80%BA%E1%80%B8,
mya_2a09dba8,ဥရောပတိုက် ကျောက်ခေတ်ဦးနှင့် ကျောက်ခေတ်လယ်တို့နှင့် အပြိုင်ဟုယူဆရသော အချိန်၌ မြန်မာ့ကျောက်ခေတ် အညာသားယဉ်ကျေးမှုသည် တည်ရှိခဲ့သည် ။,0,0,0,0,0,0,,https://my.wikipedia.org/wiki/%E1%80%99%E1%80%BC%E1%80%94%E1%80%BA%E1%80%99%E1%80%AC%E1%80%B7%E1%80%9E%E1%80%99%E1%80%AD%E1%80%AF%E1%80%84%E1%80%BA%E1%80%B8,
mya_0e86395d,အပင်နှင့် တိရစ္ဆာန်များကို ပထမဆုံးစိုက်ပျိုးမွေးမြူ၍ ကျောက်ချောလက်နက်ကိရိယာများကို သုံးစွဲလာကြသော ကျောက်ခေတ်သစ်ကို မြန်မာဒေသတွင် ရှမ်းကုန်းပြင်မြင့်အစွန်အဖျား တောင်ကြီးမြို့အနီးရှိ ဘီစီ ၁၀၀၀၀ မှ ၆၀၀၀ အတွင်း သက်တမ်းရှိသော ဂူသုံးဂူက အထောက်အထားပြသည် ။,0,0,0,0,0,0,,https://my.wikipedia.org/wiki/%E1%80%99%E1%80%BC%E1%80%94%E1%80%BA%E1%80%99%E1%80%AC%E1%80%B7%E1%80%9E%E1%80%99%E1%80%AD%E1%80%AF%E1%80%84%E1%80%BA%E1%80%B8,
mya_c8d7a172,ဘီစီ ၁၅၀၀ ခန့်တွင် ဒေသတွင်းရှိလူများသည် ကြေးနီ(copper) ကို ကြေးညို(bronze) အဖြစ်သို့ ပြောင်းလဲသုံးစွဲလာကြသည် ။,0,0,0,0,0,0,,https://my.wikipedia.org/wiki/%E1%80%99%E1%80%BC%E1%80%94%E1%80%BA%E1%80%99%E1%80%AC%E1%80%B7%E1%80%9E%E1%80%99%E1%80%AD%E1%80%AF%E1%80%84%E1%80%BA%E1%80%B8,
mya_2a27b9fe,စပါးစိုက်ပျိုး၍ ကြက်၊ဝက်တို့ကို မွေးမြူလာကြသည် ။,0,0,0,0,0,0,,https://my.wikipedia.org/wiki/%E1%80%99%E1%80%BC%E1%80%94%E1%80%BA%E1%80%99%E1%80%AC%E1%80%B7%E1%80%9E%E1%80%99%E1%80%AD%E1%80%AF%E1%80%84%E1%80%BA%E1%80%B8,
mya_8fcb3431,သူတို့သည် ကမ္ဘာပေါ်တွင် ဤသို့ ပထမဆုံးပြုလုပ်သော လူများအနက်မှ ဖြစ်သည် ။,0,0,0,0,0,0,,https://my.wikipedia.org/wiki/%E1%80%99%E1%80%BC%E1%80%94%E1%80%BA%E1%80%99%E1%80%AC%E1%80%B7%E1%80%9E%E1%80%99%E1%80%AD%E1%80%AF%E1%80%84%E1%80%BA%E1%80%B8,
mya_90811b76,ဘီစီ ၅၀၀ ခန့်တွင် ယနေ့မန္တလေးတောင်ဘက်ဒေသ၌ သံချက်လုပ်သော ရွာများပေါ်ပေါက်လာခဲ့သည် ။,0,0,0,0,0,0,,https://my.wikipedia.org/wiki/%E1%80%99%E1%80%BC%E1%80%94%E1%80%BA%E1%80%99%E1%80%AC%E1%80%B7%E1%80%9E%E1%80%99%E1%80%AD%E1%80%AF%E1%80%84%E1%80%BA%E1%80%B8,
mya_4b8edf32,ကြေးညိုအလှဆင်ခေါင်းတလားများနှင့် မြေထည်ပစ္စည်းအပိုင်းအစများဖြင့် ပြည့်နှက်နေသော သင်္ချိုင်းနယ်မြေများကို တူးဖော်တွေ့ရှိခဲ့သည် ။,0,0,0,0,0,0,,https://my.wikipedia.org/wiki/%E1%80%99%E1%80%BC%E1%80%94%E1%80%BA%E1%80%99%E1%80%AC%E1%80%B7%E1%80%9E%E1%80%99%E1%80%AD%E1%80%AF%E1%80%84%E1%80%BA%E1%80%B8,
mya_13febc09,မန္တလေးတောင်ဘက် ဆာမွန်တောင်ကြား၌ တွေ့ရသော သုတေသနအထောက်အထားများအရ ဘီစီ ၅၀၀ နှင့် အေဒီ ၂၀၀ ကြားတွင် တရုတ်နှင့် ကုန်သွယ်သော စပါးစိုက်ရွာငယ်များရှိခဲ့သည် ။,0,0,0,0,0,0,,https://my.wikipedia.org/wiki/%E1%80%99%E1%80%BC%E1%80%94%E1%80%BA%E1%80%99%E1%80%AC%E1%80%B7%E1%80%9E%E1%80%99%E1%80%AD%E1%80%AF%E1%80%84%E1%80%BA%E1%80%B8,
mya_68823a13,သံခေတ်အတွင်း အိန္ဒိယလွှမ်းမိုးမှုများသော မွေးကင်းစကလေးငယ်မြှုပ်နှံသည့် ဓလေ့တွင် ပြောင်းလဲမှုများပေါ်ပေါက်လာကြောင်း ဆာမွန်တောင်ကြားအပြင်ဘက် သုတေသနအထောက်အထားများက ဆိုသည် ။,0,0,0,0,0,0,,https://my.wikipedia.org/wiki/%E1%80%99%E1%80%BC%E1%80%94%E1%80%BA%E1%80%99%E1%80%AC%E1%80%B7%E1%80%9E%E1%80%99%E1%80%AD%E1%80%AF%E1%80%84%E1%80%BA%E1%80%B8,
mya_9017eaf0,ဤပြောင်းလဲမှုများတွင် ကလေးငယ်များကို စဥ့်အိုးကြီးများထဲတွင် ထည့်သွင်းမြှုပ်နှံ၍ ၎င်းတို့၏ အရွယ်အစားသည် မိသားစုအဆင့်အတန်းကို ဖော်ပြခြင်း စသော ပြောင်းလဲမှုများ ပါဝင်သည် ။,0,0,0,0,0,0,,https://my.wikipedia.org/wiki/%E1%80%99%E1%80%BC%E1%80%94%E1%80%BA%E1%80%99%E1%80%AC%E1%80%B7%E1%80%9E%E1%80%99%E1%80%AD%E1%80%AF%E1%80%84%E1%80%BA%E1%80%B8,
mya_e80712f1,နောက်ဆုံးတွေ့ရှိဖော်ထုတ်ထားသည့် မြန်မာ့ သမိုင်းမှတ်တမ်းများအရ မြန်မာနိုင်ငံ အတွင်းသို့ ရှေးဦးစွာဝင်ရောက်လာခဲ့သည့် လူမျိုးများမှာ မြောက်ဘက်တွင် တိဘက်-ဗမာအနွယ်ဝင်များဖြစ်ကြသည့် ပျူ၊ သက်၊ ကမ်းယံနှင့် တောင်ဘက်တွင် နီဂရီတိုများနှင့် ယှဉ်ပြိုင်အနိုင်ရသွားသည့် ဩစထြိုအေးရှားတစ်အနွယ် မွန် တို့ဖြစ်သည် ။,0,0,0,0,0,0,,https://my.wikipedia.org/wiki/%E1%80%99%E1%80%BC%E1%80%94%E1%80%BA%E1%80%99%E1%80%AC%E1%80%B7%E1%80%9E%E1%80%99%E1%80%AD%E1%80%AF%E1%80%84%E1%80%BA%E1%80%B8,
mya_a6ab13b8,ထို့အပြင် အရှေ့ဘက်ဒေသများတွင်လည်း တိုင်မျိုးနွယ်ဖြစ်သည့် ရှမ်းလူမျိုးလည်း အနည်းငယ် ရှိနေကြပြီးဖြစ်သည် ။,0,0,0,0,0,0,,https://my.wikipedia.org/wiki/%E1%80%99%E1%80%BC%E1%80%94%E1%80%BA%E1%80%99%E1%80%AC%E1%80%B7%E1%80%9E%E1%80%99%E1%80%AD%E1%80%AF%E1%80%84%E1%80%BA%E1%80%B8,
mya_0c152764,ထိုလူမျိုးများအနက် ပျူလူမျိုးမှာ ယနေ့မြန်မာနိုင်ငံ အလယ်ပိုင်း ဧရာဝတီမြစ်ဝှမ်းတစ်လျောက်တွင် မြို့ရွာများ တည်ထောင်ကာ နေထိုင်ကြသည် ။,0,0,0,0,0,0,,https://my.wikipedia.org/wiki/%E1%80%99%E1%80%BC%E1%80%94%E1%80%BA%E1%80%99%E1%80%AC%E1%80%B7%E1%80%9E%E1%80%99%E1%80%AD%E1%80%AF%E1%80%84%E1%80%BA%E1%80%B8,
mya_0860e8d5,၄ရာစုနှင့် ၅ရာစုများတွင် ပျူတို့ အထွဋ်အထိပ်ရောက်၍ မွန်တို့ကို လွမ်းမိုးကာ ပျူမြို့ပြနိုင်ငံများဖြစ်သည့် ဗိဿနိုး၊ ဟန်လင်းနှင့် သရေခေတ္တရာတို့မှာ အရှေ့တောင်အာရှ၏ ကုန်သွယ်ရေးလမ်းကြောင်းတွင် ထင်ရှားခဲ့သည် ။,0,0,0,0,0,0,,https://my.wikipedia.org/wiki/%E1%80%99%E1%80%BC%E1%80%94%E1%80%BA%E1%80%99%E1%80%AC%E1%80%B7%E1%80%9E%E1%80%99%E1%80%AD%E1%80%AF%E1%80%84%E1%80%BA%E1%80%B8,
mya_92a31d3f,ထိုကုန်သွယ်ရေးလမ်းကြောင်းမှာ အရှေ့ဘက်ခမာနိုင်ငံမှ အနောက်ဘက် ရခိုင်ကမ်းရိုးတန်းအထိဖြစ်သည် ။,0,0,0,0,0,0,,https://my.wikipedia.org/wiki/%E1%80%99%E1%80%BC%E1%80%94%E1%80%BA%E1%80%99%E1%80%AC%E1%80%B7%E1%80%9E%E1%80%99%E1%80%AD%E1%80%AF%E1%80%84%E1%80%BA%E1%80%B8,
mya_d019257d,၉ရာစုအစောပိုင်းတွင် စည်းလုံးမှုနည်းသည့် ပျူတို့ကို မြောက်ပိုင်းမှ အင်အားကြီး နန်ကျောက်တို့က ဝင်ရောက်တိုက်ခိုက်ဖျက်စီးသဖြင့် ပျူတို့ပျက်ဆီးရသည် ။,0,0,0,0,0,0,,https://my.wikipedia.org/wiki/%E1%80%99%E1%80%BC%E1%80%94%E1%80%BA%E1%80%99%E1%80%AC%E1%80%B7%E1%80%9E%E1%80%99%E1%80%AD%E1%80%AF%E1%80%84%E1%80%BA%E1%80%B8,
mya_eb9e0da2,ထိုခေတ်တွင် အကြမ်းအားဖြင့် ပျူတို့က ဧရာဝတီမြစ်အနောက်ဘက်ခြမ်း နှင့် မွန်တို့က ဧရာဝတီမြစ်အရှေ့ဘက်ခြမ်းတွင် နေထိုင်ကြသည်ဟူ‌၍ သတ်မှတ်နိုင်သည် ။,0,0,0,0,0,0,,https://my.wikipedia.org/wiki/%E1%80%99%E1%80%BC%E1%80%94%E1%80%BA%E1%80%99%E1%80%AC%E1%80%B7%E1%80%9E%E1%80%99%E1%80%AD%E1%80%AF%E1%80%84%E1%80%BA%E1%80%B8,
mya_d4beb0af,အချို့သော သမိုင်းပညာရှင်များက ထိုပျူခေတ်ကို ပထမပြည်ထောင်စု ဟုလည်း သတ်မှတ်ကြ၏ ။,0,0,0,0,0,0,,https://my.wikipedia.org/wiki/%E1%80%99%E1%80%BC%E1%80%94%E1%80%BA%E1%80%99%E1%80%AC%E1%80%B7%E1%80%9E%E1%80%99%E1%80%AD%E1%80%AF%E1%80%84%E1%80%BA%E1%80%B8,
mya_4fd5c33c,မြန်မာနိုင်ငံနယ်နိမိတ်ထဲသို့ နောက်ဆုံးမှ ဝင်ရောက်လာသည့် ဗမာတို့သည် ယနေ့ရှမ်းပြည်နယ်ကိုဖြတ်ကျော်ကာ ကျောက်ဆည်နယ်သို့ တစစထိုးဖောက်လာပြီးနောက် ဆန်စပါးစိုက်ပျိုးရန် သင့်တော်သည်ဟု ယူဆသောထိုဒေသတွင် ကျောက်ဆည်ဆယ့်တစ်ခရိုင်ကိုတည်ထောင်ကာ အခြေချနေထိုင်ကြသည် ။,0,0,0,0,0,0,,https://my.wikipedia.org/wiki/%E1%80%99%E1%80%BC%E1%80%94%E1%80%BA%E1%80%99%E1%80%AC%E1%80%B7%E1%80%9E%E1%80%99%E1%80%AD%E1%80%AF%E1%80%84%E1%80%BA%E1%80%B8,
mya_42a3e0d0,နှစ်ကာလကြာရှည်လာပြီး လူဦးရေထူထပ်လာသောအခါ နယ်ပယ်များဆက်လက်ချဲ့ထွင်ကြသဖြင့် မြန်မာနိုင်ငံအလယ်ပိုင်းဒေသကို ကောင်းစွာအုပ်စီးမိတော့သည် ။,0,0,0,0,0,0,,https://my.wikipedia.org/wiki/%E1%80%99%E1%80%BC%E1%80%94%E1%80%BA%E1%80%99%E1%80%AC%E1%80%B7%E1%80%9E%E1%80%99%E1%80%AD%E1%80%AF%E1%80%84%E1%80%BA%E1%80%B8,
mya_33aa1ffb,အစောပိုင်းဗမာတို့သည် အကြီးအကဲဖြစ်သူကို မိမိတို့ ဘာသာစကားဖြင့်`မင်း´နှင့် ရှမ်းတို့ခေါ်သကဲ့သို့ `စော´(စဝ်)ကိုပေါင်းကာ `မင်းစော´ဟုခေါ်ကြသည် ။,0,0,0,0,0,0,,https://my.wikipedia.org/wiki/%E1%80%99%E1%80%BC%E1%80%94%E1%80%BA%E1%80%99%E1%80%AC%E1%80%B7%E1%80%9E%E1%80%99%E1%80%AD%E1%80%AF%E1%80%84%E1%80%BA%E1%80%B8,
mya_bc9f965f,အချိန်ကြာသည်နှင့်အမျှ ထိုမင်းများထဲတွင် အစွမ်းအစကောင်းသူများ ပေါ်ထွန်းလာသဖြင့် ထိုအကြီးအကဲကို `မင်းကြီး´ဟုခေါ်ကြသည် ။,0,0,0,0,0,0,,https://my.wikipedia.org/wiki/%E1%80%99%E1%80%BC%E1%80%94%E1%80%BA%E1%80%99%E1%80%AC%E1%80%B7%E1%80%9E%E1%80%99%E1%80%AD%E1%80%AF%E1%80%84%E1%80%BA%E1%80%B8,
mya_a6fef5cf,ထိုသို့မင်းများထဲတွင်မှ ကျယ်ပြန့်လှသော နယ်ပယ်ကို အုပ်ချုပ်ရလွယ်ကူစေရန် ဆက်သွယ်ရေးအချက်အချာကျသည့် ပုဂံမှ ပုဂံမင်းကြီးသည် `မင်းစော´ အပေါင်းတို့၏ အကြီးအကဲအဖြစ်သို့ ရောက်ရှိလာသည် ။,0,0,0,0,0,0,,https://my.wikipedia.org/wiki/%E1%80%99%E1%80%BC%E1%80%94%E1%80%BA%E1%80%99%E1%80%AC%E1%80%B7%E1%80%9E%E1%80%99%E1%80%AD%E1%80%AF%E1%80%84%E1%80%BA%E1%80%B8,
mya_a082ea47,`မူလက ပုဂံကို ရွာ၁၉ရွာဖြင့် စတင်ဖွဲ့စည်းသည်´ ဟူသော အဆိုက ဤအချက်ကို အတည်ပြုနေသကဲ့သို့ရှိသည် ။,0,0,0,0,0,0,,https://my.wikipedia.org/wiki/%E1%80%99%E1%80%BC%E1%80%94%E1%80%BA%E1%80%99%E1%80%AC%E1%80%B7%E1%80%9E%E1%80%99%E1%80%AD%E1%80%AF%E1%80%84%E1%80%BA%E1%80%B8,
mya_d1aac6ae,အနော်ရထာမင်း လက်ထက်တွင် ပုဂံ၏ အင်အား အထွဋ်အထိပ်ရောက်ကာ ရာမည(ရှေးမွန်=`ရာမည်´)မှ သထုံကို အနိုင်ရပြီး ယနေ့ မြန်မာနိုင်ငံနီးနီးမျှ ကျယ်ပြန့်သည့် နယ်ပယ်ကို သိမ်းပိုက်နိုင်ခဲ့သည် ။,0,0,0,0,0,0,,https://my.wikipedia.org/wiki/%E1%80%99%E1%80%BC%E1%80%94%E1%80%BA%E1%80%99%E1%80%AC%E1%80%B7%E1%80%9E%E1%80%99%E1%80%AD%E1%80%AF%E1%80%84%E1%80%BA%E1%80%B8,
mya_50eda228,ထိုမှဆင်းသက်သည့် ကျန်စစ်သား၊ အလောင်းစည်သူ အစရှိသည့် ပုဂံမင်းများသည်လည်း ဩဇာကြီးသူများဖြစ်သည့်အတွက် တိုင်းပြည်ကို ကောင်းစွာစုစည်းထားနိုင်ခဲ့သည် ။,0,0,0,0,0,0,,https://my.wikipedia.org/wiki/%E1%80%99%E1%80%BC%E1%80%94%E1%80%BA%E1%80%99%E1%80%AC%E1%80%B7%E1%80%9E%E1%80%99%E1%80%AD%E1%80%AF%E1%80%84%E1%80%BA%E1%80%B8,
mya_03b93b70,သို့သော် နောက်ပိုင်းမင်းများသည် အရည်အသွေးညံ့ဖျင်းလာကြပြီး ပုဂံ၏ဩဇာမှာ သိသာစွာ ကျဆင်းလာရသည် ။,0,0,0,0,0,0,,https://my.wikipedia.org/wiki/%E1%80%99%E1%80%BC%E1%80%94%E1%80%BA%E1%80%99%E1%80%AC%E1%80%B7%E1%80%9E%E1%80%99%E1%80%AD%E1%80%AF%E1%80%84%E1%80%BA%E1%80%B8,
mya_4fe131eb,နောက်ဆုံးတွင် မွန်ဂိုတို့၏ တိုက်ခိုက်မှုကြောင့် ပုဂံပျက်စီး၍ ပုဂံမင်းဆက်လည်း ကျဆင်းရလေသည် ။,0,0,0,0,0,0,,https://my.wikipedia.org/wiki/%E1%80%99%E1%80%BC%E1%80%94%E1%80%BA%E1%80%99%E1%80%AC%E1%80%B7%E1%80%9E%E1%80%99%E1%80%AD%E1%80%AF%E1%80%84%E1%80%BA%E1%80%B8,
mya_458374f4,မွန်ဂိုတို့ တပ်ဆုတ်ပြန်ပြီးနောက်တွင် နန်းတက်ကြသည့် ကျစွာ၊ စောနစ် နှင့် စောမွန်နစ်တို့ လက်ထက်များတွင် ပုဂံမင်းဆိုသည်မှာ အမည်ခံမျှသာဖြစ်၍ အမှန်တကယ် ဩဇာအာဏာမှာ ရှမ်းညီနောင် သုံးဦးလက်သို့ ရောက်ရှိနေခဲ့ပြီဖြစ်သည် ။,0,0,0,0,0,0,,https://my.wikipedia.org/wiki/%E1%80%99%E1%80%BC%E1%80%94%E1%80%BA%E1%80%99%E1%80%AC%E1%80%B7%E1%80%9E%E1%80%99%E1%80%AD%E1%80%AF%E1%80%84%E1%80%BA%E1%80%B8,
mya_1af48aff,ပုဂံခေတ်ကုန်ဆုံးပြီးနောက်တွင်အစုစုကွဲပြားနေသည့် မြန်မာနိုင်ငံအထက်ပိုင်းဒေသကို စုစည်းသိမ်းသွင်းကာ အုပ်ချုပ်သည့် မင်းတစ်ပါး ပေါ်ထွန်းလာသည် ။,0,0,0,0,0,0,,https://my.wikipedia.org/wiki/%E1%80%99%E1%80%BC%E1%80%94%E1%80%BA%E1%80%99%E1%80%AC%E1%80%B7%E1%80%9E%E1%80%99%E1%80%AD%E1%80%AF%E1%80%84%E1%80%BA%E1%80%B8,
mya_2d07c6fa,ထိုသူမှာ ရှမ်းညီနောင်သုံးဦး မှ ဆင်းသက်လာသည့် အင်းဝမြို့တည် သတိုးမင်းဖျား ဆိုသူဖြစ်သည် ။,0,0,0,0,0,0,,https://my.wikipedia.org/wiki/%E1%80%99%E1%80%BC%E1%80%94%E1%80%BA%E1%80%99%E1%80%AC%E1%80%B7%E1%80%9E%E1%80%99%E1%80%AD%E1%80%AF%E1%80%84%E1%80%BA%E1%80%B8,
mya_78ed167a,ဒုတိယ နန်းတက်သည့် မင်းကြီးစွာစော်ကဲ လက်ထက်မှစကာ အောက်အရပ် ရာမညမှ မွန်ပဒေသရာဇ်များ မညီညွတ်သည်ကို အခွင့်ကောင်းယူသည့် အနေဖြင့် စစ်ပြုခဲ့သည် ။,0,0,0,0,0,0,,https://my.wikipedia.org/wiki/%E1%80%99%E1%80%BC%E1%80%94%E1%80%BA%E1%80%99%E1%80%AC%E1%80%B7%E1%80%9E%E1%80%99%E1%80%AD%E1%80%AF%E1%80%84%E1%80%BA%E1%80%B8,
mya_976897eb,ထိုမှအစပြုကာ အင်းဝ-ဟံသာဝတီ အနှစ်လေးဆယ်စစ် ဖြစ်ပွားသည် ။,0,0,0,0,0,0,,https://my.wikipedia.org/wiki/%E1%80%99%E1%80%BC%E1%80%94%E1%80%BA%E1%80%99%E1%80%AC%E1%80%B7%E1%80%9E%E1%80%99%E1%80%AD%E1%80%AF%E1%80%84%E1%80%BA%E1%80%B8,
mya_5175fbcb,မင်းကြီးစွာစော်ကဲနောက် နန်းတက်သည့် ဆင်ဖြူရှင်၊ ဘုရင်မင်းခေါင်တို့လက်ထက်များအထိတိုင် တိုက်ခိုက်ခဲ့ရသည့် စစ်ပွဲဖြစ်ပေသည် ။,0,0,0,0,0,0,,https://my.wikipedia.org/wiki/%E1%80%99%E1%80%BC%E1%80%94%E1%80%BA%E1%80%99%E1%80%AC%E1%80%B7%E1%80%9E%E1%80%99%E1%80%AD%E1%80%AF%E1%80%84%E1%80%BA%E1%80%B8,
mya_a19a4ba6,ထိုမင်းများနောက် နန်းတက်သည့် မင်းများလက်ထက်တွင်လည်း တိုင်းပြည်အေးချမ်းရေးကို လိုလားစွာ ဆောင်ရွက်ကြသည်မရှိသလောက် နည်းပါးသဖြင့် အချိန်ကြာသည် နှင့်အမျှ အင်အားဆုတ်ယုတ်လာပြီး နောက်ဆုံးတွင် လက်အောက်ခံ ပဒေသရာဇ်များဖြစ်သည့် ရှမ်းစော်ဘွားများအင်အားကြီးလာသည် ။,0,0,0,0,0,0,,https://my.wikipedia.org/wiki/%E1%80%99%E1%80%BC%E1%80%94%E1%80%BA%E1%80%99%E1%80%AC%E1%80%B7%E1%80%9E%E1%80%99%E1%80%AD%E1%80%AF%E1%80%84%E1%80%BA%E1%80%B8,
mya_2c3e0535,နောက်ဆုံးမင်းဖြစ်သည့် ရွှေနန်းကျော့ရှင်နရပတိ လက်ထက်တွင် ပြည်မင်း သတိုးမင်းစော နှင့် ရှမ်းစော်ဘွား မိုးညှင်းစလုံ၊ ၎င်း၏သား သိုဟန်ဘွားတို့က အင်းဝကို တိုက်ခိုက်သိမ်းပိုက်လိုက်ကြသည် ။,0,0,0,0,0,0,,https://my.wikipedia.org/wiki/%E1%80%99%E1%80%BC%E1%80%94%E1%80%BA%E1%80%99%E1%80%AC%E1%80%B7%E1%80%9E%E1%80%99%E1%80%AD%E1%80%AF%E1%80%84%E1%80%BA%E1%80%B8,
mya_43a483df,ထို့နောက်သိုဟန်ဘွား နန်းတက်သည် ။,0,0,0,0,0,0,,https://my.wikipedia.org/wiki/%E1%80%99%E1%80%BC%E1%80%94%E1%80%BA%E1%80%99%E1%80%AC%E1%80%B7%E1%80%9E%E1%80%99%E1%80%AD%E1%80%AF%E1%80%84%E1%80%BA%E1%80%B8,
mya_1e179d64,ပြည်သူတို့မနှစ်သက် သဖြင့် သိုဟန်ဘွားလုပ်ကြံခံရပြီးနောက် နန်းတက်သည့် အုန်းဘောင်ခုံမှိုင်းနှင့် မိုးဗြဲနရပတိ တို့လက်ထက်များတွင် ဟံသာဝတီကို သိမ်းပိုက်လိုက်သည့် တောင်ငူမှ တပင်ရွှေထီးနှင့် စစ်ပြိုင်ရန်ကြိုးပမ်းသော်လည်း မအောင်မြင်ခဲ့ပေ ။,0,0,0,0,0,0,,https://my.wikipedia.org/wiki/%E1%80%99%E1%80%BC%E1%80%94%E1%80%BA%E1%80%99%E1%80%AC%E1%80%B7%E1%80%9E%E1%80%99%E1%80%AD%E1%80%AF%E1%80%84%E1%80%BA%E1%80%B8,
mya_449dfcec,ထို့နောက်နန်းတက်သည့် နရပတိစည်သူ လက်ထက်တွင် ဘုရင့်နောင်၏ လက်သို့ ကျရောက်ရတော့သည် ။,0,0,0,0,0,0,,https://my.wikipedia.org/wiki/%E1%80%99%E1%80%BC%E1%80%94%E1%80%BA%E1%80%99%E1%80%AC%E1%80%B7%E1%80%9E%E1%80%99%E1%80%AD%E1%80%AF%E1%80%84%E1%80%BA%E1%80%B8,
mya_de4f521a,တောင်ငူ-ဟံသာဝတီခေတ်သည် မြန်မာတို့၏ အထွတ်အထိပ်ရောက်သည့် ကာလများအနက်မှ တစ်ခုဖြစ်သည် ။,0,0,0,0,0,0,,https://my.wikipedia.org/wiki/%E1%80%99%E1%80%BC%E1%80%94%E1%80%BA%E1%80%99%E1%80%AC%E1%80%B7%E1%80%9E%E1%80%99%E1%80%AD%E1%80%AF%E1%80%84%E1%80%BA%E1%80%B8,
mya_ff76b7e0,ပုဂံပျက်သုဉ်းပြီးချိန်မှ စကာ အင်းဝကိုဗဟိုပြုနေသည့် မြန်မာတို့အတွက် အောက်ပြည်အရပ်မှ မွန်တို့၏ရန်စစ်၊မြောက်ဘက်မှ တစ်စတစ်စအင်အားကြီးလာသည့် ရှမ်းစော်ဘွားတို့၏ ရန်စစ်သာမက မြန်မာနိုင်ငံတစ်ဝန်းလုံး တစ်နယ်တစ်မင်း အုပ်ချုပ်နေသည်အထိ ပျက်စီးနေချိန်တွင် အင်းဝလက်အောက်ခံ ကေတုမတီတောင်ငူမှ မင်းကြီးညို၊ သားတော် တပင်ရွှေထီး နှင့် ယောက်ဖဖြစ်သူ ဘုရင့်နောင်တို့ ကအသီးသီး အစဉ်မပျက် နိုင်ငံကိုချဲ့ထွင်ကြရာ မင်းကြီးညိုလက်ထက်တွင် အတန်အသင့် အင်အားကောင်းမွန်ပြီး မြန်မာနိုင်ငံ အလယ်ပိုင်းသားဖြစ်သူ တပင်ရွှေထီးလက်ထက်တွင် အောက်ပြည်ရှိ မွန်တို့၏ပိုင်နက် နှင့် ဘုရင့်နောင်လက်ထက်တွင် ယနေ့မြန်မာနိုင်ငံ နယ်နိမိတ်အပြင်သို့ကျော်ကာ အနောက်ဘက်တွင် မဏိပူရ မှ အရှေ့ဘက် ထိုင်းနိုင်ငံ အယုဒ္ဒယ အထိ၊မြောက်ဘက်တွင် ကချင်ပြည်နယ်မှ တောင်ဘက်ကော့သောင် အထိ ကျယ်ပြန့်လာခဲ့သည် ။,0,0,0,0,0,0,,https://my.wikipedia.org/wiki/%E1%80%99%E1%80%BC%E1%80%94%E1%80%BA%E1%80%99%E1%80%AC%E1%80%B7%E1%80%9E%E1%80%99%E1%80%AD%E1%80%AF%E1%80%84%E1%80%BA%E1%80%B8,
mya_364b5774,နောက် ကမ္ဘောဇသာဒီ နန်းတော် ကိုလည်းတည်ခဲ့သည် ။,0,0,0,0,0,0,,https://my.wikipedia.org/wiki/%E1%80%99%E1%80%BC%E1%80%94%E1%80%BA%E1%80%99%E1%80%AC%E1%80%B7%E1%80%9E%E1%80%99%E1%80%AD%E1%80%AF%E1%80%84%E1%80%BA%E1%80%B8,
mya_03b8ade0,သို့သော် အမြော်အမြင်ကြီးမားသည့် ဘုရင့်နောင်သည် သားတော် နန္ဒဘုရင်လက်ထက်တွင် မိမိတည်ထောင်သည့် နိုင်ငံကြီး အလွယ်တကူ ပြိုပျက်သွားမည့်အရေးကိုမူ ကြိုသိမသွားခဲ့နိုင်ပေ ။,0,0,0,0,0,0,,https://my.wikipedia.org/wiki/%E1%80%99%E1%80%BC%E1%80%94%E1%80%BA%E1%80%99%E1%80%AC%E1%80%B7%E1%80%9E%E1%80%99%E1%80%AD%E1%80%AF%E1%80%84%E1%80%BA%E1%80%B8,
mya_9569d3dd,နန္ဒဘုရင်လက်ထက်တွင် လက်အောက်ခံ နယ်စားပယ်စားများ အသီးသီးပုန်ကန်ကြပြီး နောက်ဆုံးတွင် ရခိုင်ဘုရင် မင်းရာဇာကြီး နှင့်တောင်ငူဘုရင်ခံ မင်းရဲသီဟသူတို့၏တိုက်ခိုက်မှုကြောင့် ကမ္ဘောဇသာဒီနန်းတော်ကြီးဖျက်ဆီးခံရပြီး နန္ဒဘုရင်လည်းနန်းကျကာ တောင်ငူသို့ သုံ့ပန်းအဖြစ်သို့ပါပြီးနောက်ပိုင်းတွင် လုပ်ကြံသတ်ဖြတ်ခံခဲ့ရသည် ။,0,0,0,0,0,0,,https://my.wikipedia.org/wiki/%E1%80%99%E1%80%BC%E1%80%94%E1%80%BA%E1%80%99%E1%80%AC%E1%80%B7%E1%80%9E%E1%80%99%E1%80%AD%E1%80%AF%E1%80%84%E1%80%BA%E1%80%B8,
mya_87fa9a35,ဘုရင့်နောင်၏ မထင်မရှားသားတော်တစ်ပါးဖြစ်သည့် ညောင်ရမ်းစားရှင်သစ္စာက အကွဲအကွဲအပြားအပြားဖြစ်နေရသည့် နိုင်ငံကို စုစည်းရန်အတွက် အင်းဝကိုသိမ်းပိုက်၍ ညောင်ရမ်းမင်းဆက်(ဒုတိယအင်းဝခေတ်)ကို တည်ထောင်သည် ။,0,0,0,0,0,0,,https://my.wikipedia.org/wiki/%E1%80%99%E1%80%BC%E1%80%94%E1%80%BA%E1%80%99%E1%80%AC%E1%80%B7%E1%80%9E%E1%80%99%E1%80%AD%E1%80%AF%E1%80%84%E1%80%BA%E1%80%B8,
mya_e7143b3d,သူ့လက်ထက်တွင် ရှမ်းပြည်များကို ပြန်လည်သိမ်းသွင်းနိုင်ခဲ့သည် ။,0,0,0,0,0,0,,https://my.wikipedia.org/wiki/%E1%80%99%E1%80%BC%E1%80%94%E1%80%BA%E1%80%99%E1%80%AC%E1%80%B7%E1%80%9E%E1%80%99%E1%80%AD%E1%80%AF%E1%80%84%E1%80%BA%E1%80%B8,
mya_4821936a,သူ့အားဆက်ခံသည့် အနောက်ဘက်လွန်မင်း၏ လက်ထက်တွင် အတန်ပင် အင်အားကြီးလာပြီး တောင်ငူကိုသိမ်းပိုက်ကာ တောင်ပိုင်းမှ ပေါ်တူဂီ ငဇင်ကာကို နှိမ်နှင်းနိုင်သလို၊ အရှေ့တောင်ဘက်မှ ထိုင်းဘုရင် ဗြနရာဇ်(နာရေစွမ်) ။,0,0,0,0,0,0,,https://my.wikipedia.org/wiki/%E1%80%99%E1%80%BC%E1%80%94%E1%80%BA%E1%80%99%E1%80%AC%E1%80%B7%E1%80%9E%E1%80%99%E1%80%AD%E1%80%AF%E1%80%84%E1%80%BA%E1%80%B8,
mya_f068f940,(ဘုရင့်နောင်၏မွေးစားသား)၏ မြန်မာနိုင်ငံတောင်ပိုင်းကို ထိုးဖောက်ရန် ကြိုးပမ်းနေသည်များကို ဟန့်တားထားနိုင်ခဲ့သည် ။,0,0,0,0,0,0,,https://my.wikipedia.org/wiki/%E1%80%99%E1%80%BC%E1%80%94%E1%80%BA%E1%80%99%E1%80%AC%E1%80%B7%E1%80%9E%E1%80%99%E1%80%AD%E1%80%AF%E1%80%84%E1%80%BA%E1%80%B8,
mya_e25f8590,သာလွန်မင်းလက်ထက်တွင် တိုင်းပြည်အရပ်ရပ် တည်ငြိမ်အေးချမ်းရေးကို စတင်ဆောင်ရွက်ရာ မြန်မာ့သမိုင်းတစ်လျှောက်တွင် ပထမဆုံးအကြိမ်အဖြစ် လူဦးရေ စစ်တမ်းများကောက်ယူခြင်းကို ပြုလုပ်နိုင်ခဲ့သည်ကို တွေ့ရသည် ။,0,0,0,0,0,0,,https://my.wikipedia.org/wiki/%E1%80%99%E1%80%BC%E1%80%94%E1%80%BA%E1%80%99%E1%80%AC%E1%80%B7%E1%80%9E%E1%80%99%E1%80%AD%E1%80%AF%E1%80%84%E1%80%BA%E1%80%B8,
mya_761d2cf2,နောက်ပိုင်းတွင် ရာသီဥတုဆိုးဝါးမှု၊မင်းများ၏ အရည်အသွေးကျဆင်းမှုတို့ကြောင့် ဟံသာဝတီမှ မွန်တို့ကပုန်ကန်ရာ ညောင်ရမ်းခေတ် ကုန်ဆုံးရတော့သည် ။,0,0,0,0,0,0,,https://my.wikipedia.org/wiki/%E1%80%99%E1%80%BC%E1%80%94%E1%80%BA%E1%80%99%E1%80%AC%E1%80%B7%E1%80%9E%E1%80%99%E1%80%AD%E1%80%AF%E1%80%84%E1%80%BA%E1%80%B8,
mya_5efc3b86,နောက်ဆုံးမင်းဖြစ်သည့် မဟာဓမ္မရာဇာဓိပတိ(ဟံသာ၀တီရောက်မင်း)လည်း ဟံသာဝတီသို့ ပါကာ နောက်ပိုင်းတွင် ကွပ်မျက်ခံခဲ့ရသည် ။,0,0,0,0,0,0,,https://my.wikipedia.org/wiki/%E1%80%99%E1%80%BC%E1%80%94%E1%80%BA%E1%80%99%E1%80%AC%E1%80%B7%E1%80%9E%E1%80%99%E1%80%AD%E1%80%AF%E1%80%84%E1%80%BA%E1%80%B8,
mya_269107e8,ညောင်ရမ်းမင်းဆက် ကျဆုံးပြီးနောက်တွင် မုဆိုးဘိုရွာသူကြီး ဦးအောင်ဇေယျက အလောင်းဘုရားဘွဲ့ဖြင့် မွန်တို့ကိုတော်လှန်သည် ။,0,0,0,0,0,0,,https://my.wikipedia.org/wiki/%E1%80%99%E1%80%BC%E1%80%94%E1%80%BA%E1%80%99%E1%80%AC%E1%80%B7%E1%80%9E%E1%80%99%E1%80%AD%E1%80%AF%E1%80%84%E1%80%BA%E1%80%B8,
mya_5ef72ccd,အင်းဝကိုပြန်လည်သိမ်းပိုက်နိုင်ကာ ဆက်တိုက်ဆိုသလိုပင် တိုက်ပွဲများတွင် မွန်တို့ကိုအနိုင်ရသဖြင့် အလွန်ဩဇာကြီးလာပြီး အယုဓျာတိုင် ချီတက်သိမ်းပိုက်ရန် ကြိုးပမ်းခဲ့သည် ။,0,0,0,0,0,0,,https://my.wikipedia.org/wiki/%E1%80%99%E1%80%BC%E1%80%94%E1%80%BA%E1%80%99%E1%80%AC%E1%80%B7%E1%80%9E%E1%80%99%E1%80%AD%E1%80%AF%E1%80%84%E1%80%BA%E1%80%B8,
mya_55ff8ae6,သို့သော် တတိယမင်းဖြစ်သည့် ဆင်ဖြူရှင်လက်ထက်မှ အယုဓျာကို အပြီးသတ်အနိုင်ရရှိသည် ။,0,0,0,0,0,0,,https://my.wikipedia.org/wiki/%E1%80%99%E1%80%BC%E1%80%94%E1%80%BA%E1%80%99%E1%80%AC%E1%80%B7%E1%80%9E%E1%80%99%E1%80%AD%E1%80%AF%E1%80%84%E1%80%BA%E1%80%B8,
mya_92276a71,ထိုမင်းလက်ထက်တွင် မြောက်ဘက်မှ မန်ချူးတို့၏ ကျူးကျော်မှု ၅ ကြိမ်တိုင်တိုင် ခံခဲ့ရသော်လည်း ကောင်းစွာတွန်းလှန်ဟန့်တားနိုင်ခဲ့သည် ။,0,0,0,0,0,0,,https://my.wikipedia.org/wiki/%E1%80%99%E1%80%BC%E1%80%94%E1%80%BA%E1%80%99%E1%80%AC%E1%80%B7%E1%80%9E%E1%80%99%E1%80%AD%E1%80%AF%E1%80%84%E1%80%BA%E1%80%B8,
mya_9dcd968c,၆ဆက်မြောက်မင်းဖြစ်သည့် ဗဒုံမင်း လက်ထက်တွင် ယဉ်ကျေးမှုနှင့် အတွေးအခေါ်အယူအဆတို့ကို ပြောင်းလဲရန် ကြိုးပမ်းသော်လည်း မအောင်မြင်ခဲ့ပေ ။,0,0,0,0,0,0,,https://my.wikipedia.org/wiki/%E1%80%99%E1%80%BC%E1%80%94%E1%80%BA%E1%80%99%E1%80%AC%E1%80%B7%E1%80%9E%E1%80%99%E1%80%AD%E1%80%AF%E1%80%84%E1%80%BA%E1%80%B8,
mya_1013c21b,ထိုမင်းလက်ထက်တွင် ခေတ်အဆက်ဆက်က မြန်မာ့နယ်နိမိတ်တွင် မပါဝင်ခဲ့သော ရခိုင်ပြည်နယ်ကို အိမ်ရှေ့မင်းသားဦးပေါ်က သိမ်းပိုက်နိုင်ခဲ့ကာ မဟာမုနိဘုရားကြီးကို မန္တလေးသို့ ပင့်ဆောင်လာနိုင်ခဲ့သည် ။,0,0,0,0,0,0,,https://my.wikipedia.org/wiki/%E1%80%99%E1%80%BC%E1%80%94%E1%80%BA%E1%80%99%E1%80%AC%E1%80%B7%E1%80%9E%E1%80%99%E1%80%AD%E1%80%AF%E1%80%84%E1%80%BA%E1%80%B8,
mya_4d4e0a9c,သို့သော် နောက်ပိုင်းတွင် နန်းတွင်းအရှုပ်အထွေးများကြောင့် ကုန်းဘောင်မင်းဆက်မှ အင်အားနည်းခြင်းသို့ရောက်လာခဲ့သည် ။,0,0,0,0,0,0,,https://my.wikipedia.org/wiki/%E1%80%99%E1%80%BC%E1%80%94%E1%80%BA%E1%80%99%E1%80%AC%E1%80%B7%E1%80%9E%E1%80%99%E1%80%AD%E1%80%AF%E1%80%84%E1%80%BA%E1%80%B8,
mya_1a11cbd7,ဘကြီး‌‌တော်လက်ထက်တွင် အာသံ၊မဏိပူရအရေးကြောင့် နယ်ချဲ့အင်္ဂလိပ်တို့နှင့် စစ်ဖြစ်ကာ ရခိုင်နှင့် တနင်္သာရီကို ပေးလိုက်ရသည် ။,0,0,0,0,0,0,,https://my.wikipedia.org/wiki/%E1%80%99%E1%80%BC%E1%80%94%E1%80%BA%E1%80%99%E1%80%AC%E1%80%B7%E1%80%9E%E1%80%99%E1%80%AD%E1%80%AF%E1%80%84%E1%80%BA%E1%80%B8,
mya_f341ae35,ထို့နောက် ပုဂံမင်းလက်ထက်တွင် ဒုတိယအကြိမ် စစ်ဖြစ်ကာ မြန်မာပြည်အောက်ပိုင်းတစ်ခုလုံး သိမ်းပိုက်ခံရသည် ။,0,0,0,0,0,0,,https://my.wikipedia.org/wiki/%E1%80%99%E1%80%BC%E1%80%94%E1%80%BA%E1%80%99%E1%80%AC%E1%80%B7%E1%80%9E%E1%80%99%E1%80%AD%E1%80%AF%E1%80%84%E1%80%BA%E1%80%B8,
mya_b9ae2dec,သီပေါမင်းလက်ထက်တွင်လည်း ဘုံဘေဘားမားသစ်ကိစ္စကြောင့် တတိယအကြိမ်စစ်ဖြစ်ကာ မြန်မာတစ်နိုင်ငံလုံးသူ့ကျွန်ဘဝကျရောက်ခဲ့ရသည် ။,0,0,0,0,0,0,,https://my.wikipedia.org/wiki/%E1%80%99%E1%80%BC%E1%80%94%E1%80%BA%E1%80%99%E1%80%AC%E1%80%B7%E1%80%9E%E1%80%99%E1%80%AD%E1%80%AF%E1%80%84%E1%80%BA%E1%80%B8,
mya_71b558cf,အင်္ဂလိပ်တို့၏ သုံးကြိမ်ကျူးကျော်စစ်ပြုခြင်းခံရပြီး သီပေါမင်းလက်ထက်တွင် မြန်မာနိုင်ငံသည် အင်္ဂလိပ်လက်အောက် ကျရောက်သွားတော့သည် ။,0,0,0,0,0,0,,https://my.wikipedia.org/wiki/%E1%80%99%E1%80%BC%E1%80%94%E1%80%BA%E1%80%99%E1%80%AC%E1%80%B7%E1%80%9E%E1%80%99%E1%80%AD%E1%80%AF%E1%80%84%E1%80%BA%E1%80%B8,
mya_72a037f3,မြန်မာ့စွယ်စုံကျမ်း ။,0,0,0,0,0,0,,https://my.wikipedia.org/wiki/%E1%80%99%E1%80%BC%E1%80%94%E1%80%BA%E1%80%99%E1%80%AC%E1%80%B7%E1%80%9E%E1%80%99%E1%80%AD%E1%80%AF%E1%80%84%E1%80%BA%E1%80%B8,
mya_09a3dbf0,မြန်မာနိုင်ငံ(အင်္ဂလိပ်: Myanmar)၊ တရားဝင်အားဖြင့် ပြည်ထောင်စု သမ္မတ မြန်မာနိုင်ငံတော်(အင်္ဂလိပ်: Republic of the Union of Myanmar)သည် အရှေ့တောင်အာရှရှိ နိုင်ငံတစ်နိုင်ငံ ဖြစ်သည် ။,0,0,0,0,0,0,,https://my.wikipedia.org/wiki/%E1%80%99%E1%80%BC%E1%80%94%E1%80%BA%E1%80%99%E1%80%AC%E1%80%94%E1%80%AD%E1%80%AF%E1%80%84%E1%80%BA%E1%80%84%E1%80%B6,
mya_a7cc799a,အနောက်နှင့် အနောက်မြောက်ဘက်တွင် ဘင်္ဂလားဒေ့ရှ်နိုင်ငံ၊ အိန္ဒိယနိုင်ငံ၊ အရှေ့မြောက်ဘက်တွင် တရုတ်ပြည်သူ့သမ္မတနိုင်ငံ၊ ‌အရှေ့နှင့် အရှေ့တောင်ဘက်တွင် လာအိုနိုင်ငံ၊ ထိုင်းနိုင်ငံတို့နှင့် နယ်နမိတ်ချင်းထိစပ်ပြီး တောင်ဘက်နှင့် အနောက်တောင်ဘက်တွင် ကပ္ပလီပင်လယ်နှင့် ဘင်္ဂလားပင်လယ်အော်တို့ တည်ရှိသည် ။,0,0,0,0,0,0,,https://my.wikipedia.org/wiki/%E1%80%99%E1%80%BC%E1%80%94%E1%80%BA%E1%80%99%E1%80%AC%E1%80%94%E1%80%AD%E1%80%AF%E1%80%84%E1%80%BA%E1%80%84%E1%80%B6,
mya_3867020a,နိုင်ငံ၏မြို့တော်မှာ နေပြည်တော်ဖြစ်ပြီး စီးပွားရေးမြို့တော်မှာ ရန်ကုန်မြို့ဖြစ်သည် ။,0,0,0,0,0,0,,https://my.wikipedia.org/wiki/%E1%80%99%E1%80%BC%E1%80%94%E1%80%BA%E1%80%99%E1%80%AC%E1%80%94%E1%80%AD%E1%80%AF%E1%80%84%E1%80%BA%E1%80%84%E1%80%B6,
mya_015921ab,မြန်မာနိုင်ငံရှိအစောဆုံးသော အခြေချမှုများသည် ပျူမြို့ပြနိုင်ငံများနှင့် မွန်ဘုရင့်နိုင်ငံများ၌ဖြစ်ကြသည် ။,0,0,0,0,0,0,,https://my.wikipedia.org/wiki/%E1%80%99%E1%80%BC%E1%80%94%E1%80%BA%E1%80%99%E1%80%AC%E1%80%94%E1%80%AD%E1%80%AF%E1%80%84%E1%80%BA%E1%80%84%E1%80%B6,
mya_b173a14b,အေဒီ ၉ရာစုခန့်တွင် မြန်မာလူမျိုးတို့သည် ဧရာဝတီမြစ်အနီး၌ ပုဂံပြည်ကိုတည်ထောင်ခဲ့ကြရာ မြန်မာ့ယဉ်ကျေးမှု၊ မြန်မာဘာသာစကားစသည်တို့ ပေါ်ပေါက်လာခဲ့သည် ။,0,0,0,0,0,0,,https://my.wikipedia.org/wiki/%E1%80%99%E1%80%BC%E1%80%94%E1%80%BA%E1%80%99%E1%80%AC%E1%80%94%E1%80%AD%E1%80%AF%E1%80%84%E1%80%BA%E1%80%84%E1%80%B6,
mya_0db92e65,ပထမမြန်မာနိုင်ငံတော် ပုဂံပြည်သည် မွန်ဂိုကျူးကျော်စစ်ကြောင့် ကျဆုံးခဲ့ရသည် ။,0,0,0,0,0,0,,https://my.wikipedia.org/wiki/%E1%80%99%E1%80%BC%E1%80%94%E1%80%BA%E1%80%99%E1%80%AC%E1%80%94%E1%80%AD%E1%80%AF%E1%80%84%E1%80%BA%E1%80%84%E1%80%B6,
mya_d49897a0,၁၆ ရာစု‌တွင် ဒုတိယမြန်မာနိုင်ငံတော် တောင်ငူအင်ပါယာပေါ်ပေါက်လာခဲ့ပြီး အရှေ့တောင်အာရှသမိုင်း၏ အကြီးဆုံးအင်ပါယာအဖြစ် ခေတ္တရပ်တည်နိုင်ခဲ့သည် ။,0,0,0,0,0,0,,https://my.wikipedia.org/wiki/%E1%80%99%E1%80%BC%E1%80%94%E1%80%BA%E1%80%99%E1%80%AC%E1%80%94%E1%80%AD%E1%80%AF%E1%80%84%E1%80%BA%E1%80%84%E1%80%B6,
mya_4a14b88b,၁၉ ရာစုတွင် တတိယမြန်မာနိုင်ငံတော် ကုန်းဘောင်အင်ပါယာသည် မျက်မှောက်ခေတ် မြန်မာနိုင်ငံ၏ဒေသများကိုပါမက အာသံနှင့် မဏိပူရဒေသများကိုပါ အုပ်ချုပ်နိုင်ခဲ့သည် ။,0,0,0,0,0,0,,https://my.wikipedia.org/wiki/%E1%80%99%E1%80%BC%E1%80%94%E1%80%BA%E1%80%99%E1%80%AC%E1%80%94%E1%80%AD%E1%80%AF%E1%80%84%E1%80%BA%E1%80%84%E1%80%B6,
mya_31529d64,ဗြိတိသျှအင်ပါယာသည် မြန်မာနိုင်ငံကို ကျူးကျော်စစ်များဆင်နွှဲပြီး သိမ်းပိုက်ခဲ့သည် ။,0,0,0,0,0,0,,https://my.wikipedia.org/wiki/%E1%80%99%E1%80%BC%E1%80%94%E1%80%BA%E1%80%99%E1%80%AC%E1%80%94%E1%80%AD%E1%80%AF%E1%80%84%E1%80%BA%E1%80%84%E1%80%B6,
mya_7b5f2848,ဒုတိယကမ္ဘာစစ်အတွင်း၌ မြန်မာနိုင်ငံကို ဂျပန်တို့ကခေတ္တသိမ်းပိုက်ထားခဲ့ပြီး မဟာမိတ်နိုင်ငံတို့က ပြန်လည်သိမ်းယူခဲ့သည် ။,0,0,0,0,0,0,,https://my.wikipedia.org/wiki/%E1%80%99%E1%80%BC%E1%80%94%E1%80%BA%E1%80%99%E1%80%AC%E1%80%94%E1%80%AD%E1%80%AF%E1%80%84%E1%80%BA%E1%80%84%E1%80%B6,
mya_b43c9c56,၁၉၄၈ ခုနှစ်တွင် မြန်မာနိုင်ငံသည် ဗြိတိသျှတို့ထံမှ လွတ်လပ်ရေးကိုရရှိခဲ့သည် ။,0,0,0,0,0,0,,https://my.wikipedia.org/wiki/%E1%80%99%E1%80%BC%E1%80%94%E1%80%BA%E1%80%99%E1%80%AC%E1%80%94%E1%80%AD%E1%80%AF%E1%80%84%E1%80%BA%E1%80%84%E1%80%B6,
mya_7ddb81a4,မြန်မာနိုင်ငံ၏ လွတ်လပ်ရေးရပြီးခေတ် သမိုင်းသည် ယနေ့တိုင် ဆက်လက်ဖြစ်ပွားနေသော မငြိမ်သက်မှုများနှင့် ပဋိပက္ခများဖြင့် ပြည့်နှက်နေသည် ။,0,0,0,0,0,0,,https://my.wikipedia.org/wiki/%E1%80%99%E1%80%BC%E1%80%94%E1%80%BA%E1%80%99%E1%80%AC%E1%80%94%E1%80%AD%E1%80%AF%E1%80%84%E1%80%BA%E1%80%84%E1%80%B6,
mya_fee56b40,၁၉၆၂ ခုနှစ် စစ်အာဏာသိမ်းမှုသည် မြန်မာ့ဆိုရှယ်လစ်လမ်းစဉ်ပါတီအောက်တွင် စစ်အာဏာရှင်စနစ်ကို ဖြစ်ပေါ်စေခဲ့သည် ။,0,0,0,0,0,0,,https://my.wikipedia.org/wiki/%E1%80%99%E1%80%BC%E1%80%94%E1%80%BA%E1%80%99%E1%80%AC%E1%80%94%E1%80%AD%E1%80%AF%E1%80%84%E1%80%BA%E1%80%84%E1%80%B6,
mya_faefef69,ထို့နောက် ၁၉၈၈ ခုနှစ်၊ ဩဂုတ်လ ၈ ရက်နေ့တွင် ဖြစ်ပွားခဲ့သော ရှစ်လေးလုံးအရေးအခင်းသည် နှစ်နှစ်အကြာတွင် အမည်ခံ ပါတီစုံစနစ်သို့ ကူးပြောင်းရေးကို ဖြစ်ပေါ်စေခဲ့သော်လည်း၊ နိုင်ငံ၏ အရေးအခင်းနောက်ပိုင်း စစ်ကောင်စီသည် အာဏာလွှဲပြောင်းပေးရန် ငြင်းဆန်ခဲ့ပြီး ယနေ့ထက်တိုင် နိုင်ငံကို ဆက်လက်အုပ်ချုပ်လျက်ရှိသည် ။,0,0,0,0,0,0,,https://my.wikipedia.org/wiki/%E1%80%99%E1%80%BC%E1%80%94%E1%80%BA%E1%80%99%E1%80%AC%E1%80%94%E1%80%AD%E1%80%AF%E1%80%84%E1%80%BA%E1%80%84%E1%80%B6,
mya_eb37061c,နိုင်ငံသည် များပြားလှသော တိုင်းရင်းသားလူမျိုးစုများအကြား တိုင်းရင်းသား ပဋိပက္ခများဖြင့် ကွဲခြမ်းလျက်ရှိပြီး ကမ္ဘာ့အရှည်ကြာဆုံး ပြည်တွင်းစစ်များထဲမှ တစ်ခုကို ရင်ဆိုင်နေရသည် ။,0,0,0,0,0,0,,https://my.wikipedia.org/wiki/%E1%80%99%E1%80%BC%E1%80%94%E1%80%BA%E1%80%99%E1%80%AC%E1%80%94%E1%80%AD%E1%80%AF%E1%80%84%E1%80%BA%E1%80%84%E1%80%B6,
mya_3a0406db,ကုလသမဂ္ဂနှင့် အခြားအဖွဲ့အစည်းများစွာတို့က နိုင်ငံအတွင်း စဉ်ဆက်မပြတ်နှင့် စနစ်တကျ ဖြစ်ပေါ်နေသော လူ့အခွင့်အရေး ချိုးဖောက်မှုများကို အစီရင်ခံခဲ့ကြသည် ။,0,0,0,0,0,0,,https://my.wikipedia.org/wiki/%E1%80%99%E1%80%BC%E1%80%94%E1%80%BA%E1%80%99%E1%80%AC%E1%80%94%E1%80%AD%E1%80%AF%E1%80%84%E1%80%BA%E1%80%84%E1%80%B6,
mya_75c6b09d,၂၀၁၀ အထွေထွေ ရွေးကောက်ပွဲအပြီး ၂၀၁၁ ခုနှစ်တွင် စစ်အစိုးရကို တရားဝင် ဖျက်သိမ်းခဲ့ပြီး အမည်ခံ အရပ်သားအစိုးရတစ်ရပ်ကို တည်ထောင်ခဲ့သည် ။,0,0,0,0,0,0,,https://my.wikipedia.org/wiki/%E1%80%99%E1%80%BC%E1%80%94%E1%80%BA%E1%80%99%E1%80%AC%E1%80%94%E1%80%AD%E1%80%AF%E1%80%84%E1%80%BA%E1%80%84%E1%80%B6,
mya_2f6ec263,မီးရှို့ ပစ် မယ် မ ဝင် တော့ ဘူး ကွာအသိမ်း တော့ မ ခံ ဘူး,0,0,0,0,0,0,,https://huggingface.co/datasets/simbolo-ai/burmese-hatespeech,
mya_bfd00076,သာသနာညိုးနွမ်းအောင်တော့်မလုပ်ဘူးနော် သာသနာပျက်အောင် ညိုးနွမ်းအောင်လုပ်တာမှသတ္တဝါအပေါင်းရဲ့ရန်သူအစစ် သာသနာမရှိလျှင်အဆုံးအမသာသနာကွယ်သဖြင့်,0,0,0,0,0,0,,https://huggingface.co/datasets/simbolo-ai/burmese-hatespeech,
mya_c2f96d68,အဖားကြမ်းလှချည်လား ဖြည်းဖြည်းဖားပါ,0,0,0,0,0,0,,https://huggingface.co/datasets/simbolo-ai/burmese-hatespeech,
mya_706107f0,လခွမ်း ပေါ လိုက် တဲ့ အနုပညာရှင် တွေ ရယ် မြန်မာ တစ် နိုင်ငံ လုံး များ အနုပညာရှင် တွေ ဖြစ် ကုန် ကြ ပီလား မ သိ ဘူးစိတ်ပျက်,0,0,0,0,0,0,,https://huggingface.co/datasets/simbolo-ai/burmese-hatespeech,
mya_c10a6a0f,ဆောက်အိုမ အမေရိကာ မှ သွား နေ လိုက် လေ,0,0,0,0,0,0,,https://huggingface.co/datasets/simbolo-ai/burmese-hatespeech,
mya_bfb1bf08,အဖုတ်တခုကြောင့်နာတယ်လို့ပြောတဲ့ကောင်မအများစုကဂျွန်ဝိုင်းတို့မင်းသွေးခန့် တိုင်ရွန် ဘစိုင်း bts exoထိရင်ဖျင်ဆီဖူးခါအောင်ဝိုင်းကိုက်မယ်သုတ်ကြောင်မတွေချည်းပဲkyttကသူတို့ထက်လှနေလို့မနာလိုတာမဆန်းပါဘူး,0,0,0,0,0,0,,https://huggingface.co/datasets/simbolo-ai/burmese-hatespeech,
mya_9c615890,ဟားဟားဟား မင်း တစ် ယောက် ပဲ မ သိ တာငလူးတော သား,0,0,0,0,0,0,,https://huggingface.co/datasets/simbolo-ai/burmese-hatespeech,
mya_3b5c3933,လှည့်ကွက် က တော့ လှည့်ကွက် ဘဲ ။ သူ များ ကို ပေ စေ ချင် လို့ ကိုယ်တိုင် မစင်ကိုင် ပြီး ပက် တဲ့ သူ တွေ,0,0,0,0,0,0,,https://huggingface.co/datasets/simbolo-ai/burmese-hatespeech,
mya_ae35ca5d,သောက်ရူး တွေ,0,0,0,0,0,0,,https://huggingface.co/datasets/simbolo-ai/burmese-hatespeech,
mya_53f24fb9,သူ များ ​ဟောင်​တိုင် ​း လိုက် ​​ဟောင်​​ နေ တဲ့ ​ခွေး ​ ကောင်​ ​ လေး ။,0,0,0,0,0,0,,https://huggingface.co/datasets/simbolo-ai/burmese-hatespeech,
mya_71f572ac,နောက်ထပ်ထောင်ထွက်တစ်ယောက်အမတ်ဖြစ်တော့မယ်,0,0,0,0,0,0,,https://huggingface.co/datasets/simbolo-ai/burmese-hatespeech,
mya_4274dafe,ခွေးမသား တွေ ပါး တွေ ရိုက် ချင် တယ် ဘယ် လာ ရ မလဲ ပြောမ အေလိုး တွေ,0,0,0,0,0,0,,https://huggingface.co/datasets/simbolo-ai/burmese-hatespeech,
mya_3e97ec2f,ရူး နေ တာ လဲထမင်း လွတ်ရူး မျက်စေ့နောက် ဒယ်,0,0,0,0,0,0,,https://huggingface.co/datasets/simbolo-ai/burmese-hatespeech,
mya_ea600eca,ဘယ် နေရား များ မှား ပါ လဲ ထောက်ပြ လိုက် ဖာ သည် တွေ ဖာ သည် မ တွေ ဖြေ လေ ။,0,0,0,0,0,0,,https://huggingface.co/datasets/simbolo-ai/burmese-hatespeech,
mya_3de83efc,စား လိုက် တဲ့ တစ် ရက် တိုင်း စား လိုက် တဲ့ တစ်လုတ် တိုင်း က ကျိန်စာ အသစ် အသစ် တွေ ကို မျိုမျို နေ ရ သလို ဖြစ် နေ ကြ မှာ ပဲ ။,0,0,0,0,0,0,,https://huggingface.co/datasets/simbolo-ai/burmese-hatespeech,
mya_6dea3134,ဖအေခိုး ပေးတာ နဲ့ ရုပ်ရှင် ထုတ်လုပ် ရေး တွေ ထောင် နေ ကြ တာ,0,0,0,0,0,0,,https://huggingface.co/datasets/simbolo-ai/burmese-hatespeech,
mya_45cb14d8,ဖုန်ရှူလိုက်ဖာသယ်မ,0,0,0,0,0,0,,https://huggingface.co/datasets/simbolo-ai/burmese-hatespeech,
mya_17347991,မေလိုးကလား ကြိုးတုပ်ပီး၀◌က်သားကျွေးမာ,0,0,0,0,0,0,,https://huggingface.co/datasets/simbolo-ai/burmese-hatespeech,
mya_3c2a0fbc,ကို မေ ကို လိုး နဲ့ လာ ဂျင်း မိ ရ တယ် လို့ မ အေလိုး က မ သေ နိုင် သေး ဘူး လား 😑 😑 😑,0,0,0,0,0,0,,https://huggingface.co/datasets/simbolo-ai/burmese-hatespeech,
mya_fe153394,စောင့် လိုက် ကြ ပါ မ ကြာေ တော့ ပါ ဘူး,0,0,0,0,0,0,,https://huggingface.co/datasets/simbolo-ai/burmese-hatespeech,
mya_dc280d65,ဖေလိုးမ စကား ကို နင့်ဟာ နဲ့ လိုက် အောင် နှစ် ချမ်း ကွဲ ပြော နေ တာ အရင် အင်တာဗျူးကျ နှစ် ယောက် ထဲ ယောက် ကျား လေး အား နဲ့ ရုံးမ ရ ဘူး ဆို ယောက် ကျား နဲ့ မိန်းမ ဘယ်လို နိုင် မလဲ ဆို ခု ကျ တော့ မိုးမ မြင် လေ မ မြင် နဲ့ ဆို တော့ ဘယ်လို လဲဟ ခံ ချင် တိုင်းခံ ပြီး နင့်ဟာ နဲ့ လိုက် အောင် နှစ် ချမ်း ပြဲ အောင် ပြော နေ တာ လား,0,0,0,0,0,0,,https://huggingface.co/datasets/simbolo-ai/burmese-hatespeech,
mya_6369ac1f,လူ တိုင်း ရဲ့ မေတ္တာ နဲ့ ဝေး ကြ ပါ စေ ။,0,0,0,0,0,0,,https://huggingface.co/datasets/simbolo-ai/burmese-hatespeech,
mya_ec184c62,ငါးလိုးဂျပု လူသာအစဉ်မမှီတာ သောက်စကားကြ သောက်ပေါက်နဲ့မဆံ့ပြောချင်တယ်,0,0,0,0,0,0,,https://huggingface.co/datasets/simbolo-ai/burmese-hatespeech,
mya_405155fc,မင်းတို့ကိုးကွယ်ပြီထိုင်ရှိခိုးနေတဲ့ ဘုန်ကြီတွေ ခွေးပြေးဝက်ပြေး ပြေးရပြီ ကတုံးကို စစ်ဖိနပ်နဲ့တတ်နင်ခံရတာ နည်းသေးလို့လား,0,0,0,0,0,0,,https://huggingface.co/datasets/simbolo-ai/burmese-hatespeech,
mya_499e9ee5,ဆုတောင်း လေ ဘူဗောင်း ကြီး ကြီး ရ အောင်,0,0,0,0,0,0,,https://huggingface.co/datasets/simbolo-ai/burmese-hatespeech,
mya_104c26fe,ဘက်စုံ ဒုက္ခပေး နေ တာ ဘဲ . .,0,0,0,0,0,0,,https://huggingface.co/datasets/simbolo-ai/burmese-hatespeech,
mya_33833249,ပြောင်တာ စတီးပဲကောင်းတယ်ကွာ,0,0,0,0,0,0,,https://huggingface.co/datasets/simbolo-ai/burmese-hatespeech,
mya_2e11b05d,ငါ တို့ နိုင်ငံ က ဟာတေ က တော့ ဘယ်လောက် အပြော ခံ ရ ခံ ရစောက် ကရု ကို မ စိုက်တာ စောက် ရှက် မှ မ ရှိ ဘဲ လုပ်မြဲ တိုင်း လုပ် နေ ဆဲ,0,0,0,0,0,0,,https://huggingface.co/datasets/simbolo-ai/burmese-hatespeech,
mya_8f33f81e,မင်းတို့ပထွေးစစ်ခွေးတွေရောင်းတာမြန်မာပြည်ကမင်းရဲ့ဂတုံးလိုပဲဖြစ်နေပြီစောက်ရူး,0,0,0,0,0,0,,https://huggingface.co/datasets/simbolo-ai/burmese-hatespeech,
mya_c7e87006,လူယုတ်မာ ကို လူယုတ်မာ နဲ့ ထိုက်တန် တဲ နေရာ မှာ နေ ခိုင်း သင့် တယ်,0,0,0,0,0,0,,https://huggingface.co/datasets/simbolo-ai/burmese-hatespeech,
mya_5533e5ce,ပြည်သူရယ်ကမ္ဘာကလူတွေရယ်ဘယ်လိုသဘောထားမှတ်ချက်ပေးလည်းဆိုတဲ့အပေါ်မှာမူတည်တယ်ကိုယ်ကျင့်တရားကစကားပြောတာ‌ေပါ့ငါကတော့ထွီးချီးထက်ရွံတယ်,0,0,0,0,0,0,,https://huggingface.co/datasets/simbolo-ai/burmese-hatespeech,
mya_c89742be,အစားအသောက် ကြမ်း တဲဝက ခ တွေ ထိ ထိရောက်ရောက် အရေးယူ ပြီး ပြီ လား ? ရွေးကောက်ပွဲ ကတိ တွေ တခြား ဟာ မ တည်ရင် နေ ပါ စေထောင်ဝင် စာ လာ တွေ့ မယ် ဆို တာ လေး တော့ တည် ပါစေ,0,0,0,0,0,0,,https://huggingface.co/datasets/simbolo-ai/burmese-hatespeech,
mya_51fd7a47,ကိုယ်​့ အဆင်​ ့ ကိ်​ ု သိစမ်​ း ပါ ​ ခွေး ​ ​ ကောင်​ ရ ။,0,0,0,0,0,0,,https://huggingface.co/datasets/simbolo-ai/burmese-hatespeech,
mya_73d04d9d,ငလိမ်ငဝါ ဘယ် တုန်း က မ အမှန်မ ပြော တဲ့ လူ ။,0,0,0,0,0,0,,https://huggingface.co/datasets/simbolo-ai/burmese-hatespeech,
mya_e19fe55f,ခနလေး ငါ့ လင် ဖိနပ် ရောင်း နေ တယ် မ အား သေး ဘူး ။,0,0,0,0,0,0,,https://huggingface.co/datasets/simbolo-ai/burmese-hatespeech,
mya_3c657852,ဟိုဟာကိုသွားစုပ်လိုက်ကြအုံ,0,0,0,0,0,0,,https://huggingface.co/datasets/simbolo-ai/burmese-hatespeech,
mya_6a13ccf0,သုတ်ကြောင်မ တွေ ကို လင်မှတ် နေ တဲ့ ဟာမ တွေ ကိုး ။,0,0,0,0,0,0,,https://huggingface.co/datasets/simbolo-ai/burmese-hatespeech,
mya_0f8e241f,စောက်မြင် ကပ် ပုဒ် မ တွေ က စစ် အစိုးရ ခေတ် က အတိုင်း ဘဲ,0,0,0,0,0,0,,https://huggingface.co/datasets/simbolo-ai/burmese-hatespeech,
mya_7d7e2957,ဖွတ်တွေကတော့သူများမကောင်းကြောင်းပြောရမယ်ဆိုနှစ်ယောက်မရှိ့ဘူးဖွတ်စိတ်,0,0,0,0,0,0,,https://huggingface.co/datasets/simbolo-ai/burmese-hatespeech,
mya_0aa8c907,နာမည် အရမ်း ကြီး ချင် ရင် ဖင် အလကားခံ လိုက်,0,0,0,0,0,0,,https://huggingface.co/datasets/simbolo-ai/burmese-hatespeech,
mya_8bbdcf3f,ရဲ တွေ စောက်ကျင် မ ကောင်း တာ များ တယ်,0,0,0,0,0,0,,https://huggingface.co/datasets/simbolo-ai/burmese-hatespeech,
mya_314fd081,ကာလုံခေါ်ပြီး မင်းအမျိုးတွေ ဖာတန်းဖွင့်ခိုင်းရမှာလား မင်းအောင်လှိုင်လီးစုပ်ကောင်,0,0,0,0,0,0,,https://huggingface.co/datasets/simbolo-ai/burmese-hatespeech,
mya_ce644e86,ပါးတခြမ်း လေဖြန်းထားတာလား,0,0,0,0,0,0,,https://huggingface.co/datasets/simbolo-ai/burmese-hatespeech,
mya_00053b2c,အေးပါ တောသူမရယ် မြန်မာလူမျိုးဖြစ်ပြီး မြန်မာစာလုံးတောင်မှန်အောင်မပေါင်းနိုင်ဘဲနဲ့ စာလုံးများ မှန်အောင်ပြင်ပေးခဲ့သည်🤣😂,0,0,0,0,0,0,,https://huggingface.co/datasets/simbolo-ai/burmese-hatespeech,
mya_f03e5f81,ပြော ထား တဲ့ သူ များ အောက် မှာ ခွေးဝိုင်း ဟောင် ရင် ဝိုင်း ပြီး ရေ နဲ့ ပက် ပေး ပါ ။,0,0,0,0,0,0,,https://huggingface.co/datasets/simbolo-ai/burmese-hatespeech,
mya_9ffa0985,မင်းတို့ပါတီမရှိခင်ထဲကဗုဒ္ဓဘာသာအိမ်တိုင်းဘုရားစင်ရှိနေသားပဲမင်းတို့အခိုးရလုပ်ခါမှလွတ်တော်ထဲကလားရောက်လာတာ သမိုင်းတရာခံတွေ,0,0,0,0,0,0,,https://huggingface.co/datasets/simbolo-ai/burmese-hatespeech,
mya_aa17bf7e,AAက ပြောကြား ချက် က အဓိပ္ပါယ် မ ရှိ ပါ ။,0,0,0,0,0,0,,https://huggingface.co/datasets/simbolo-ai/burmese-hatespeech,
mya_85f41d29,မျက်နှာလီးရုပ် နဲ့,0,0,0,0,0,0,,https://huggingface.co/datasets/simbolo-ai/burmese-hatespeech,
mya_fa5dd163,အသေထွက်မှာဆိုရင်လုပ်လိုက်လေပြည်သူကအသေထွက်ကြိုက်,0,0,0,0,0,0,,https://huggingface.co/datasets/simbolo-ai/burmese-hatespeech,
mya_6b63a48a,လက်နက် ကိုင်ပီး ပြည် သူ,0,0,0,0,0,0,,https://huggingface.co/datasets/simbolo-ai/burmese-hatespeech,
mya_8046d188,ကမ္ဘာ ပေါ် မှာ ဖင်ကောင်း အကျယ်ဆုံး လူသား များ အ ဖွဲ့,0,0,0,0,0,0,,https://huggingface.co/datasets/simbolo-ai/burmese-hatespeech,
mya_699c02bd,မင်းအောင်လှိုင် ဘောငုံ,0,0,0,0,0,0,,https://huggingface.co/datasets/simbolo-ai/burmese-hatespeech,
mya_99e0e089,ကိုယ်ချင်းစာစိတ်မရှိ သူ တွေ တူညီ စွာ ခံစား မူ တွေ ပြန် ခံစား ရ ပါ စေ ။,0,0,0,0,0,0,,https://huggingface.co/datasets/simbolo-ai/burmese-hatespeech,
mya_f721d513,ကိုကိုယ်တိုင်တောင်စောက်တလွဲပြောနေတဲ့ လူစဉ့္မမှီတဲ့စောက်ပုစကားကို စောက်ထင်ကြီးစရားကိုမလိုတာကွာ ရှင်းလား,0,0,0,0,0,0,,https://huggingface.co/datasets/simbolo-ai/burmese-hatespeech,
mya_58dc413d,ဆိုင်ကယ် ကြိတ် သေ ဆိုင် ကယ် တိုက် သေ ဆိုင် ကယ်မှောက် သေ ဆိုင်ကယ်မီးလောင် ပြီး သေ ပါ စေ ။,0,0,0,0,0,0,,https://huggingface.co/datasets/simbolo-ai/burmese-hatespeech,
mya_af4b5333,ကိုယ့်ကိုယ်ကိုယ်ပြန် ကြည့် လေ,0,0,0,0,0,0,,https://huggingface.co/datasets/simbolo-ai/burmese-hatespeech,
mya_af3af9cd,ဦးလေး တို့ ယီး လို့ မ ဆဲ ချင် ပါ ဘူး ။,0,0,0,0,0,0,,https://huggingface.co/datasets/simbolo-ai/burmese-hatespeech,
mya_59620bd1,ရုပ် ကို က WYဆေးပြား ရုပ် နဲ့,0,0,0,0,0,0,,https://huggingface.co/datasets/simbolo-ai/burmese-hatespeech,
mya_ef4f0294,ကလိမ် ကကျစ် တွေ ကို ဘာ မှ မ လုပ် နိုင် ရင် ကိုယ်တိုင် လည်း ကလိမ် က ကျစ် ဖြစ် နိုင် ၏ ။,0,0,0,0,0,0,,https://huggingface.co/datasets/simbolo-ai/burmese-hatespeech,
mya_9dfabe00,စလုံး အဝင် အထွက် က ​ တော့ ပိတ် ဖို့ မ လွယ် နိုင် ​ လောက် ဘူး,0,0,0,0,0,0,,https://huggingface.co/datasets/simbolo-ai/burmese-hatespeech,
mya_a5217ea0,မင်း တို့ လို သူ များ ခိုင်းတာ လုပ် နေ တဲ့ တန်း မ ဝင် တဲ့ ကောင် တွေ နဲ့ စကား မ ပြော ဘူး တဲ့,0,0,0,0,0,0,,https://huggingface.co/datasets/simbolo-ai/burmese-hatespeech,
mya_a0d90034,အစုပ်ပလုပ် ဒီဇိုင်း တွေ ဝတ် ပါ အုံး လား,0,0,0,0,0,0,,https://huggingface.co/datasets/simbolo-ai/burmese-hatespeech,
mya_dd73bc59,အစွန််းရောက်နွားတေ,0,0,0,0,0,0,,https://huggingface.co/datasets/simbolo-ai/burmese-hatespeech,
mya_977e1c49,မသာကျ,0,0,0,0,0,0,,https://huggingface.co/datasets/simbolo-ai/burmese-hatespeech,
mya_dc86ab95,သားသမီး ချင်း ကိုယ်ချင်း စာစိတ်မရှိ ၊ အဓမ္မ ဒုစရိုက် အားပေးရဲ တပ်ဖွဲ့အလို မ ရှိ ပါ ။,0,0,0,0,0,0,,https://huggingface.co/datasets/simbolo-ai/burmese-hatespeech,
mya_0227f1b5,ဦးနှောက်လေးလဲဓာတ်မှန်ရိုက်ကြည့်အုံး သုတ်ပိုးတေခေါင်းထဲလာစုနေတာထင်တယ်,0,0,0,0,0,0,,https://huggingface.co/datasets/simbolo-ai/burmese-hatespeech,
mya_1f160468,ဖေလိုးမ ဘယ်ကလည်း နင်ပုံပြစမ်းပါ။,0,0,0,0,0,0,,https://huggingface.co/datasets/simbolo-ai/burmese-hatespeech,
mya_f28446e1,ကို့ အသက် ကိုယ်ပြန် ကြည့် ကြ ပါ ငါ က မ သေ တော့ ဘူး လား,0,0,0,0,0,0,,https://huggingface.co/datasets/simbolo-ai/burmese-hatespeech,
mya_1a044ac2,အာဏာရှင် အောင်ဆန်းစုကြည်ရဲ့ ထဘီခြုံ,0,0,0,0,0,0,,https://huggingface.co/datasets/simbolo-ai/burmese-hatespeech,
mya_1eeecfa1,စလုံးနဲ့ကြံ့ဖွတ်မစားရတဲ့အမဲသဲနဲ့ပက်တော့မယ်,0,0,0,0,0,0,,https://huggingface.co/datasets/simbolo-ai/burmese-hatespeech,
mya_f662b1b8,လီးလီး လား လား ​​ တွေ ။,0,0,0,0,0,0,,https://huggingface.co/datasets/simbolo-ai/burmese-hatespeech,
mya_9d4d6acf,အလကား ခံ ရင် တောင် ရွံ လို့ လုပ် မှာ မ ဟုတ် ဘူး ။,0,0,0,0,0,0,,https://huggingface.co/datasets/simbolo-ai/burmese-hatespeech,
mya_359ce07f,တောင်သူဦးကြီး များ ကို စော်ကား သော် အ ကောင်,0,0,0,0,0,0,,https://huggingface.co/datasets/simbolo-ai/burmese-hatespeech,
mya_d0b8ba0c,"""ခင်ဗျားအသက်ကြီးပြီးအချိန်မစီးပါလား""""""",0,0,0,0,0,0,,https://huggingface.co/datasets/simbolo-ai/burmese-hatespeech,
mya_31dabbbb,Lee ကို ညီမလား ငါ လိုး မရိုက်ကလစ်,0,0,0,0,0,0,,https://huggingface.co/datasets/simbolo-ai/burmese-hatespeech,
mya_ceb9eda6,ဘောမမ,0,0,0,0,0,0,,https://huggingface.co/datasets/simbolo-ai/burmese-hatespeech,
mya_6d598559,နင့်မေ စပတ် ကိုယ် မေ ကိုယ်လိုး တဲ့ ရဲ တွေ က ဝရမ်း ပြေး ကို ရောဖမ်း နိုင် လို့ လား လို့ အရင် ဖြေ ။,0,0,0,0,0,0,,https://huggingface.co/datasets/simbolo-ai/burmese-hatespeech,
mya_a5ac19dc,နင့်ကို ချမယ့်ဟာတွေ,0,0,0,0,0,0,,https://huggingface.co/datasets/simbolo-ai/burmese-hatespeech,
mya_23a7cb78,ကောင်းလှပါတယ်ဆိုတဲ့မင်းတို့အစိုးရကိုဦး​ဌေး​အောင် ကကန့်ကွက်တရားစွဲ​နေပီပြည်ခိုင်ဖြိုး နဲ့ယယုန်​လေးပဲမ​ကောင်း​ပြောဆဲဆို​နေဘို့​လောက်ပဲသိကြတာမရှက်ဘူးလား,0,0,0,0,0,0,,https://huggingface.co/datasets/simbolo-ai/burmese-hatespeech,
mya_e0e67e4e,ကိုယ်မေကိုယ်လိုးနှမ လိုးရဲ တွေ စိတ်တို လွန်း လို့ ဘယ်လို ဆဲ ရမှန်း တောင် မ သိ ဘူး ဘဝ ဘဝ အဆက်ဆက် တူ သော အကျိုးပေး ကြ ပါ စေဗျား ။,0,0,0,0,0,0,,https://huggingface.co/datasets/simbolo-ai/burmese-hatespeech,
mya_518b78b4,ဦးဝင်မြိုင်အဖိုးကြီးကိုခွင့်လွှတ်ပေးလိုက်ပါ သေခံနီးနေလို့🙁,0,0,0,0,0,0,,https://huggingface.co/datasets/simbolo-ai/burmese-hatespeech,
mya_c6563431,RFAဝေဖန်သုံးသပ်ချက်တွေက ကလေးဆန်လွန်းလှ(လေးနက်မှုလုံးဝမရှိ)အစိုးရနှင့်တပ်ညီညွတ်မှာကို စိုးရိမ်နေတဲ့လေသံကများ နှစ်ဖက် အမုန်းပွါး အထင်လွဲအောင်သာ အလေးထားဝေဖန်သုံးသပ်နေကြ၏ဥာဏ်သတိ ရှိကြပါကုန်။,0,0,0,0,0,0,,https://huggingface.co/datasets/simbolo-ai/burmese-hatespeech,
mya_2153d08a,လူမသိ သူမသိ ခွေးလိုဝက်လို သေရတော့မယ်,0,0,0,0,0,0,,https://huggingface.co/datasets/simbolo-ai/burmese-hatespeech,
mya_5c40a742,မ အေလိုး တွေ,0,0,0,0,0,0,,https://huggingface.co/datasets/simbolo-ai/burmese-hatespeech,
mya_16cd3739,ရုပ်ကြီးကိုက လူလိမ်မ,0,0,0,0,0,0,,https://huggingface.co/datasets/simbolo-ai/burmese-hatespeech,
mya_6e21e554,မ အေလိုးတေ အသေဆိုး နဲ့ သေ ပါ စေ ။,0,0,0,0,0,0,,https://huggingface.co/datasets/simbolo-ai/burmese-hatespeech,
mya_f8153cc8,ဘယ်လောက် လူပါးဝ လိုက် ပါ သလဲ ။,0,0,0,0,0,0,,https://huggingface.co/datasets/simbolo-ai/burmese-hatespeech,
mya_b9eae747,မသာမ ရယ်,0,0,0,0,0,0,,https://huggingface.co/datasets/simbolo-ai/burmese-hatespeech,
mya_3664f6bd,မေး နေ တဲ့ အကောင်ရေသူ မိတ်ကပ် တွေ အသေ ဖို့ ထား တာ လေနင် မ မြင် ဘူး လား ဟက် မိတ် ကပ် ကောင်း ရင် ကပ္ပလီတောင်ဝါဂွမ်း လေး လိုဖြူ သွား တယ် ဟဲ့,0,0,0,0,0,0,,https://huggingface.co/datasets/simbolo-ai/burmese-hatespeech,
mya_a72301d4,ပိုဒေါသ ဖြစ် ရ တာ က ငါ တို့ ပြည်သူလူထု အများစု မှာ ဘာ မှ မ ပိုင် ကြ ဘူး ။,0,0,0,0,0,0,,https://huggingface.co/datasets/simbolo-ai/burmese-hatespeech,
mya_13b375f3,မ အေလိုးဖိုထောင် ကို မေ ကို လိုးတေ နဲ့ ပေါင်း မင်း ပါ ချင် ဖတ် ဖြစ် သွား ပီ,0,0,0,0,0,0,,https://huggingface.co/datasets/simbolo-ai/burmese-hatespeech,
mya_b58c8a69,စိတ်ရှုပ်စိတ်ညစ် နေ တဲ့ ချိန် ဆို ဘ သူ က နင့် ကို စောက် ခွက် ဖြဲ ပြ မှာ လဲ 😒,0,0,0,0,0,0,,https://huggingface.co/datasets/simbolo-ai/burmese-hatespeech,
mya_97d4801a,မသာ ကောင်ဇင် အောင် နင် စောက် ခွက် ကို လဲမှန် နဲ့ ပြန်ကြည့် အုံး,0,0,0,0,0,0,,https://huggingface.co/datasets/simbolo-ai/burmese-hatespeech,
mya_6f320cc6,အဲ့ထမိန်နဲ့ မင်းအဘတွေခေါင်းပေါင်း လေလံပစ်ပြီးယှဉ်ရောင်းရဲလား ခွေးသူခိုး မအေလိုး,0,0,0,0,0,0,,https://huggingface.co/datasets/simbolo-ai/burmese-hatespeech,
mya_c771eb9c,သူခိုးမုဒိမ်းကောင်တွေ အဝီစိသွားဘို့မဲပေးပါ့မယ်ကွာ။,0,0,0,0,0,0,,https://huggingface.co/datasets/simbolo-ai/burmese-hatespeech,
mya_d7282f6e,31ဘုံမှာနိဖင်အယားဆုံး ဖေလိုးမ,0,0,0,0,0,0,,https://huggingface.co/datasets/simbolo-ai/burmese-hatespeech,
mya_be1cef60,စောက်ရှက် ကို မ ရှိ ကြ တော့ တာ ပညာ မ တတ် တော့ လဲ ဒီ လို ပဲ ထင် ရာ ပြော တော့ မှာ ပေါ့ ။,0,0,0,0,0,0,,https://huggingface.co/datasets/simbolo-ai/burmese-hatespeech,
mya_5c0d6099,စောက် အကြံ တွေ ထွက် လိုက် တာ,0,0,0,0,0,0,,https://huggingface.co/datasets/simbolo-ai/burmese-hatespeech,
mya_3c6955b1,ဘောပြားကြိုက်တဲ့ဟာမ,0,0,0,0,0,0,,https://huggingface.co/datasets/simbolo-ai/burmese-hatespeech,
mya_1891824d,ဘောမို့လို့ ရိုင်းနေတာလား စောက်ပေါလေး,0,0,0,0,0,0,,https://huggingface.co/datasets/simbolo-ai/burmese-hatespeech,
mya_5d58cf2a,ဖွတ် အစိုးရ ဆို ရင် မ ရင်ဆိုင် ရဲ ဘဲ တိုင်းပြည် အမွဲခံ ပြီး ကိုယ့် အကျိုးပိတ်ဆို့ အရေးယူရေး ကို ရွေး မှာ တော့ အမှန် ဘဲ,0,0,0,0,0,0,,https://huggingface.co/datasets/simbolo-ai/burmese-hatespeech,
mya_271b97ee,လီးပဲ ကွာလိ့သံကြီး နဲ့ မ အိမ် လုံး,0,0,0,0,0,0,,https://huggingface.co/datasets/simbolo-ai/burmese-hatespeech,
mya_e91fd707,ပြည်သူလူထု ကို ပွင့်ပွင့်လင်းလင်းချ မ ပြ ဘဲ ရောင်းဝယ် နေ တာ စောက် ထင်မ ကြီး ဘူး,0,0,0,0,0,0,,https://huggingface.co/datasets/simbolo-ai/burmese-hatespeech,
mya_7f6e7a60,မင်းမေလိုးဆုတောင်းနေကြတာလား,0,0,0,0,0,0,,https://huggingface.co/datasets/simbolo-ai/burmese-hatespeech,
mya_0e64e6c8,မင်းတ မျိုး လုံး တရုတ် ပြည် ခေါ် အဝှာ သွား လုပ့့်နေက် ကို အစီုး ရ မ ကောင်း ကြောင်း လာ မ ဝေဖန် နဲ့,0,0,0,0,0,0,,https://huggingface.co/datasets/simbolo-ai/burmese-hatespeech,
mya_b1f8b2da,မင့်ကဇမရှိလို့ပြန်မပြေားရဲတာကွာနီပိန်းရင်ပိန်းတယ်ပြေားစမ်းပါကိုယ့်ဟာကိုအသာနေလိုက်ဒါတင်မင့်အဆင့်ဘယ်လောက်ရှိလဲသက်သေပဲနိင်ငံရေးလူတွင်ကျယ်လာမလုပ်နဲ့တာ့တာနီပိန်း,0,0,0,0,0,0,,https://huggingface.co/datasets/simbolo-ai/burmese-hatespeech,
mya_dcae84a0,ခွေးလိုူး မသား ရဲ့ မင်းလို ခွေးမျိုုူ တွေ ရှိ လို,0,0,0,0,0,0,,https://huggingface.co/datasets/simbolo-ai/burmese-hatespeech,
mya_e2530c74,ဒီ ကောင် တွေ အသွေး Korea က ဝက်ပုတ် လို လုပ် ချင် ကြ တာ,0,0,0,0,0,0,,https://huggingface.co/datasets/simbolo-ai/burmese-hatespeech,
mya_4199dd9b,အမသာ ဖစ် ချင် လို့ အရှက် မ ရှိ လှန် ပြ နေတာ ကွ ကို သာ ပိုရှက် သင့် ။,0,0,0,0,0,0,,https://huggingface.co/datasets/simbolo-ai/burmese-hatespeech,
mya_0e5d0a5b,ဆရာဝန် ဆို တဲ့ ပညာ တွေ နှမြော စရာ ကောင်း လိုက် တာ ..အကုသိုလ်ယူ မနေ ကြ ပါ နဲ့ လေ.. ဘယ်သူ တွေ တွေ ဘာ ပြော ၂ ဒီလို လူ တွေ က အရွဲတိုက်ပီးရင်း တိုက် နေ မှာ ပဲ လေ..လစ်လျူရှု့ ထား လိုက်,0,0,0,0,0,0,,https://huggingface.co/datasets/simbolo-ai/burmese-hatespeech,
mya_7340cb8e,ရွံစရာ ကောင်း သွား ပြီ,0,0,0,0,0,0,,https://huggingface.co/datasets/simbolo-ai/burmese-hatespeech,
mya_e6026ed8,အဘွားကြီးသေခါနီးနေတာတောင်အသိတရားမရသေးဘူးအမှန်မပြောရဲပါလားနော်,0,0,0,0,0,0,,https://huggingface.co/datasets/simbolo-ai/burmese-hatespeech,
mya_9be2529e,ဘုမ သိ ဘမ သိ နဲ့ သိုင်းလောက ထဲ ဝင် ယောင် ပြန် ပြီ မေချောက် ဖုန် ဖစ် ချင် နာ လား,0,0,0,0,0,0,,https://huggingface.co/datasets/simbolo-ai/burmese-hatespeech,
mya_8b4ed27e,မဇင်ရှင် ဘယ်လောက် တတ် လဲ ဖြန်းးး ဖြန်းးး,0,0,0,0,0,0,,https://huggingface.co/datasets/simbolo-ai/burmese-hatespeech,
mya_dd174a70,မျက်လုံး ကချဲ့ ထား တာ လား,0,0,0,0,0,0,,https://huggingface.co/datasets/simbolo-ai/burmese-hatespeech,
mya_4c43c81a,ကောင်မ ဆေးကြောင် နေ ပုံ ရ တယ်,0,0,0,0,0,0,,https://huggingface.co/datasets/simbolo-ai/burmese-hatespeech,
mya_338e8fba,နင့်ပထွေးတွေနဲ့တုန်းက နင် ချီးတောင်ပေါက်ရဲလို့လား,0,0,0,0,0,0,,https://huggingface.co/datasets/simbolo-ai/burmese-hatespeech,
mya_c5893a61,ကောင်မရယ်တော်တော် အရှက် မ ရှိ တာ ပဲ,0,0,0,0,0,0,,https://huggingface.co/datasets/simbolo-ai/burmese-hatespeech,
mya_92010202,အဲသလို ကလေး က လား အသံ တွေ နဲ့ မဆို ဖို့ မ သင် ပေး လိုက် ဘူး လား မင်း ကို မွေး တဲ့ အမေအို ကြီး က မ သင် ပေး လိုက် ဘူး လား မိ ဘညံ့ လိုက် တာ,0,0,0,0,0,0,,https://huggingface.co/datasets/simbolo-ai/burmese-hatespeech,
mya_18accbe8,ဘယ်သူ့အားကိုးနဲ့ပါတီထောင်တာလဲ။ မျက်နှာဖုံးတွေ ကွာကျကုန်ပြီ။ အခုဆို ပြည်သူက သေချာသိသွားပြီ။ ဘယ်သူတွေကို မဲပေးရင် စစ်ဖိနပ်အောက် ပြန်ဝင်ရမယ်ဆိုတာ,0,0,0,0,0,0,,https://huggingface.co/datasets/simbolo-ai/burmese-hatespeech,
mya_f52ebb2b,မင်းအဖေက မင်းအောင်လှိုင်လေ သိလား,0,0,0,0,0,0,,https://huggingface.co/datasets/simbolo-ai/burmese-hatespeech,
mya_8363880f,ငါ မွေး တဲ့ ခွေး ငါ ကျွေး တာစားပီးနေ့ စဥ်နာနာဟောင်း ပေး နော်,0,0,0,0,0,0,,https://huggingface.co/datasets/simbolo-ai/burmese-hatespeech,
mya_0bdafba4,မ အေလိုး တွေ က တဂိုး မှ သွင်း မ သွား ဖူး ။,0,0,0,0,0,0,,https://huggingface.co/datasets/simbolo-ai/burmese-hatespeech,
mya_971cae10,အလိုလို မှ တိုင်းပြည် ကို က မိန်းမ လုံခြည်ခြုံ မိန်းမ ကြောက်ဒီ လို အချိန် ဒီလို အသိမဲ့မယား ကြောက်ကောင် ကို သယ်မယ် ဆို တော့ ဒုတိယ မ္ပိလုံချည်ခြုံ တိုင်းပြည် မိန်းမ အုပ်စိုး တိုင်း ပြည် ဖြစ် အောင် သက်သက် ဖန်တီး လိုက် တာ ဘဲ ဒါဆို ကျိန်း သေ တိုင်းပြည် ပျက် မှာ မြင် သေး ။ ။ ။,0,0,0,0,0,0,,https://huggingface.co/datasets/simbolo-ai/burmese-hatespeech,
mya_ae21a0f3,ဥက္ကဌ ၊ ငှက္ကဌ ဘယ်ဟာအမှန်ဖြစ်ပါသလဲမသိလို့နော်,0,0,0,0,0,0,,https://huggingface.co/datasets/simbolo-ai/burmese-hatespeech,
mya_cc3ed98c,မင်း ကို မြင် တိုင်း သိန်း တန်မ အေ ဘဲ ကို သတ် ချင် တယ်,0,0,0,0,0,0,,https://huggingface.co/datasets/simbolo-ai/burmese-hatespeech,
mya_ea4ebc22,ကာပုနဲ့သန်းဌေးကိုပဲ အဖေနေရာထားကိုးကွယ်နေလိုက်,0,0,0,0,0,0,,https://huggingface.co/datasets/simbolo-ai/burmese-hatespeech,
mya_e9ef166b,သူခိုးစားခွက်ပျောက်တွေရဲ့တုံးတုံးအအအကြံဥာဏ်နဲ့အောက်တန်းစားမှိုင်းတိုက်နည်းများးရိုးနေပြီအသစ်တွေထပ်ရှာပြီးလေးဖက်ကုန်းပြီးပြန်လာလိုက်,0,0,0,0,0,0,,https://huggingface.co/datasets/simbolo-ai/burmese-hatespeech,
mya_f7b704c4,ဖမ် တဲ့ သူဖင်လိုးပြစ် ကွ,0,0,0,0,0,0,,https://huggingface.co/datasets/simbolo-ai/burmese-hatespeech,
mya_4184c535,ဖွတ်သူခိုး ဆရာ များ ဖြစ် ပါ သည် မြို့နယ် တိုင်း ပြိုင်လဲ မ ရ နိုင် တော့ ပါ လူယုတ်မာ စစ် အုပ်စု အကြံပေး တွေ ဆို တာ ပြည်သူ နားလည် တယ် ဖွတ် သူခိုး ဆရာ များ ခင်ဗျား တို့ က ဖွတ် တွေ ကို အကြံပေး တယ် ခြေ မ မြဲ လက်မြဲ အောင် လုပ် ထား တဲ ဆိုလိုရင်း က အာဏာ မ မြဲ ငွေ မြဲ အောင် လုပ်ပေါ့ဒါ နဲ့ ဖွတ် သူခိုး တွေ က တိုင်းပြည် သယံဇာတ တွေ အုပ်စု လိုက်ခိုး အာဏာမြဲ ရေး အတွက် ပြည်သူ တွေ ကို အကြောက်တရား ဖြစ် အောင် ခိုးဆိုး လုယက် မုဒိန်းကျင့် လူသတ် အားလုံး လုပ် ပြီး တော့ အပေါင်း ပါ များ ကို မင်းတ်ု့အခွင့်ရေး ရ တုန်း လုပ် ထား ကြ လို့ မှ တမ်း ချွေ တယ်တကယ် လဲ လုပ် တယ် တ်ုင်း ပြည်မွဲ ပျက် သွား တယ် ခင်ဗျား တို့ သိ အောင် ပြော လိုက် မယ် မြန်မာ ပြည် မှ ပြုတ် ပြီး သား ပါတီ တက် လာ တဲ့ ထုံးစံ မ ရှိ ဘူး ဦးနု ရဲ့ ဖဆပလ မြောင်း ထဲ ရောက် တယ် မဆလတ ဖြစ် လဲတစည ရေ ဝေး ရောက် တယ်ဒီတခါကြံ့ဖွတ် နဲ့ ဆရာတစည ထိန် ပင် သင်း ချိုင်းရောက် မှာ ပါ ခင်ဗျာ အမျှ အမျှ အမျှ ပါ ပြည်သူ များ ပြုသမျှ ကောင်း မှု ကြောင့် ကြံ့ဖွတ် ပါတီတစည ပါတီ များ ကောင်း ရာ သုဂတိလား ပါစေး း း း,0,0,0,0,0,0,,https://huggingface.co/datasets/simbolo-ai/burmese-hatespeech,
mya_1c1c32e7,ချီးကားက မင်းဖင်ကို ဝင်ချမှာ,0,0,0,0,0,0,,https://huggingface.co/datasets/simbolo-ai/burmese-hatespeech,
mya_f8869ffe,အမျိုးသမီး ပွဲ နည်းပြ ဖြုတ် နည်း ပြ ညံ့ လို့ ရှုံး ရ တာ ။,0,0,0,0,0,0,,https://huggingface.co/datasets/simbolo-ai/burmese-hatespeech,
mya_f32d52b4,အသေဆိုး နဲ့ သေ ပါစေ လို့ ဆု တောင်း တယ်,0,0,0,0,0,0,,https://huggingface.co/datasets/simbolo-ai/burmese-hatespeech,
mya_ffb2e250,ပိုက်ဆံရှိတဲ့သူတွှေအတွှက်သာကောင်းတဲ့ဒီမိုကရေစီပါ လက်လုပ်လက်စားဘဝတွှေကိုမကြည်ပဲ လုပ်ချင်ရာလုပ်လို့မရဘူး ကုန်စျေးနှုံးအဓိက တနေ့လုပ်အားခ ကစားဖို့အနိုင်နိုင်ရယ် မှန်တာအော်တော့ ကုလားမယားတွှေက နာတယ် ကုလားကိုကုလားလိုမခေါ်လို့ ခွှေလထိပ်ကိုးကွှယ်တဲ့သူလိုခေါ်ရမလား,0,0,0,0,0,0,,https://huggingface.co/datasets/simbolo-ai/burmese-hatespeech,
mya_0eefa066,မ အေလိုးဒီ သတ္တလောက ကြီး မှာ သည်းခံ လို့ မ ရ တဲ့ တစ် ဦး တည်း သော အခွက် နဲ့ အသံ နဲ့ လူသား ပါ ကွာ,0,0,0,0,0,0,,https://huggingface.co/datasets/simbolo-ai/burmese-hatespeech,
mya_709d64d9,ပြည်တွင်းစစ်ပွဲက မဖြစ်ဖြစ်အောင်လုပ်နေတယ်လုိ့ ကလေးအစ ခွေးအဆုံးသိတယ်ကွ,0,0,0,0,0,0,,https://huggingface.co/datasets/simbolo-ai/burmese-hatespeech,
mya_b9702c32,ဖွတ်မစိတ်နေတယ်ဗိုက်ပူချင်လို့လား,0,0,0,0,0,0,,https://huggingface.co/datasets/simbolo-ai/burmese-hatespeech,
mya_786b5973,အမ ပြော တာ မှန် တယ် မီဒီယာ တွေ က အသား ထဲ က လောက် ထွက် နေ တာ,0,0,0,0,0,0,,https://huggingface.co/datasets/simbolo-ai/burmese-hatespeech,
mya_23dbd1c6,တောသား တွေ က မင်းနှမ ကို သတ် လုပ် လိုလား ။,0,0,0,0,0,0,,https://huggingface.co/datasets/simbolo-ai/burmese-hatespeech,
mya_4bc769ef,ခွေးကျင့် ခွေးကြံ,0,0,0,0,0,0,,https://huggingface.co/datasets/simbolo-ai/burmese-hatespeech,
mya_1a317abc,ရွံတာ အန် ချင် တာ,0,0,0,0,0,0,,https://huggingface.co/datasets/simbolo-ai/burmese-hatespeech,
mya_1755a1cb,မင့်တို့ပြည်ထိုင်ခိုးဆိုရင် ပိုတောင်ဆိုးသေး လူတကာချဥ်ဘက်😂😂😂😂,0,0,0,0,0,0,,https://huggingface.co/datasets/simbolo-ai/burmese-hatespeech,
mya_e9a9bc65,ဒေဝဒတ်လိုဟာတွေ,0,0,0,0,0,0,,https://huggingface.co/datasets/simbolo-ai/burmese-hatespeech,
mya_626a5bc2,PPPက ဆိုက္ကားဆရာတွေဆီမှာ ခံလိုက်ရတယ်တဲ့ ဟုတ်လား,0,0,0,0,0,0,,https://huggingface.co/datasets/simbolo-ai/burmese-hatespeech,
mya_660e413f,အော် အသက်တွေလဲကြီးပီအခုချိန်ထိ လိုချင်နေတုန်းပီးရင် စောက်ရူးတွေကသနားပြကျအုံးမယ်,0,0,0,0,0,0,,https://huggingface.co/datasets/simbolo-ai/burmese-hatespeech,
mya_7fce8078,မင်း နိုင်ငံ ရေး လုပ် ချင် လား အချိန် မ ရွေး လုပ် လို့ ရ တယ် ဒါ ပဲ အရင် ထောက်ပြ အုံး မယ်,0,0,0,0,0,0,,https://huggingface.co/datasets/simbolo-ai/burmese-hatespeech,
mya_40c9e237,ဗမာဘယ်လိုပြောပြောမယုံနိုင်ဘူး,0,0,0,0,0,0,,https://huggingface.co/datasets/simbolo-ai/burmese-hatespeech,
mya_20362adf,ဦးနှောက် က အေးမြဖြူ ဖင် လောက် မ ဖွံ ဖြိုး သေး လို့ ဖြစ် မယ် ။,0,0,0,0,0,0,,https://huggingface.co/datasets/simbolo-ai/burmese-hatespeech,
mya_8b00daad,ဖင်ယားနေတဲ့ဘောပြား,0,0,0,0,0,0,,https://huggingface.co/datasets/simbolo-ai/burmese-hatespeech,
mya_6277b6bb,ကို မေ ကို လိုး ကို ပြော ပြ လိုက် ။,0,0,0,0,0,0,,https://huggingface.co/datasets/simbolo-ai/burmese-hatespeech,
mya_6fdfdfcb,ကျက်သရေအတုံးဆုံးလူတွေ,0,0,0,0,0,0,,https://huggingface.co/datasets/simbolo-ai/burmese-hatespeech,
mya_34dc466a,ပြည်သူချစ်တာ မခံရမှာကြောက်တော့ အမှားအမှန်းတောင် မခွဲခြားတတ်တော့ဘူးနော် သနားစရာကောင်းလိုက်တာ ကျွတ်ကျွတ် ကျွတ်,0,0,0,0,0,0,,https://huggingface.co/datasets/simbolo-ai/burmese-hatespeech,
mya_e4f6dbe8,ဒီ ဘဲ ကြီး တော့ ပွ တာ ပဲ ဗျို့ နာမည် အရမ်း ကြီး ချင် နေ တဲ့ redmiss ရွှေအိမ်စည် နဲ့ အောက်ခြေ လွတ် နေ တဲ့ usaပြန် ဟန် သီသောက် ရှက် မ ရှိ တဲ့ ကောင်မ တွေ ဂုဏ်ယူ နေ ပေါ့redmiss ပို ဆိုး တယ် ရွစိ ဒါ လား နိူင်ငံ ကိုယ်စားဝင် ပြိုင် ချင် တယ် ဗိုက် ကြီး နေ လောက် ပြီ လဲ သေ ဖို့ ကောင်း တယ်,0,0,0,0,0,0,,https://huggingface.co/datasets/simbolo-ai/burmese-hatespeech,
mya_eb6c1b2d,ရုပ်က ကြိုက်ဟင်းခါးသီးမြင်း လီးရုပ် နဲ့ ။,0,0,0,0,0,0,,https://huggingface.co/datasets/simbolo-ai/burmese-hatespeech,
mya_7c7092ea,ငါ လိုးမ ၊ ချဉ်ပေါင်ရိုးမဒုတ်ထိုး မအီကြာကွေး တစ် ပိုင်း ပြတ်မ စမူဆာကြွက်ကိုက် မ အာဝါဒါး မတဆယ့်ဖိုး ၃ ယောက် မငံ ပြာရည် မရင် ထုလင် လုခေါင်းအုန်း မ ဖက်လုံး မအမ်းကုန်းမမန်း ကျီးရွက်ပိုးကိုက် မ အော်လီမ ဒူးရင်းသီး မော်တာ တပ်မတော် သလင်း ဖော် က မြင်း မ မျောက် ၂ ပိုင်း ၁ ပိုင်း မ ဖိနပ် ခေါင်းအုန်း အိပ် တဲ့ ဟာမဖေ တစ်ရာ မောင် တစ်ကျိတ် နဲ့ တွေ့ လို့ ဖင် ပြတ် သေ မယ့် မသာမက လေကချေအုတ်ကြား မြက်ပေါက်လမ်း ဘေး ချီးယို ဓာတ် တိုင် သေးပန်း ပလပ်ဖောင်း ခေါင်း ခု မိုး ရွာ မှ ရေချိုးအလှူ ရှိ မှ ထမင်း စား တဲ့ အမြှီးတိုမ ဘင်္ဂလီမယား ငယ် မမသာ အိမ် ကွာစိနိုက် မ ။,0,0,0,0,0,0,,https://huggingface.co/datasets/simbolo-ai/burmese-hatespeech,
mya_026450a5,ဖင်ပြေးခံ လိုက်လီးရုပ် နဲ့ ။,0,0,0,0,0,0,,https://huggingface.co/datasets/simbolo-ai/burmese-hatespeech,
mya_668f1ba1,မိန်မ ဆို တာ က ငွေ ရှိ ရင် ပျက်ဆိး ကြ တာ မျာ တယ် ကြ မ တွန် လို မိုး မ လင်း ဘူ ဆို တာ သိ ပိ လား ယောက်ကျား တွေ မ ရှိ တဲ တိုင်းပြည် လုံခြုံ မု မ ရှိ ဘူ ဆို တာ သိ ပိ လာ,0,0,0,0,0,0,,https://huggingface.co/datasets/simbolo-ai/burmese-hatespeech,
mya_e2c92e37,ထမီခြုံရင်လဒဖြစ်တယ်ဆိုတာကိုနှစ်သက်လို့ဖြစ်ပါလိမ့်မယ်အစကတော့ဒေါင်းဆိုပြီးအားပေးကြတာဗျာနောက်ပိုင်ကျမှပန်းချီဆရာမကောင်းတော့ပြီးခါနီးက်သမှလဒပုံဖြစ်သွားတာပါကျ,0,0,0,0,0,0,,https://huggingface.co/datasets/simbolo-ai/burmese-hatespeech,
mya_228588cb,ငိုစရာ လား လ ခွမ်းယောကျားဖစ် ပီး,0,0,0,0,0,0,,https://huggingface.co/datasets/simbolo-ai/burmese-hatespeech,
mya_38bd4868,ပြည်သူ တွေ အရည်အချင်း ရှိ လာ ရင်ခင်းဗျား ကြီး ဂျင်းထည့် လို့ ရ မှာ မ ဟုတ် တော့ ဘူး,0,0,0,0,0,0,,https://huggingface.co/datasets/simbolo-ai/burmese-hatespeech,
mya_5eaf38ef,ငါ အဖေ တောင်လန့် နိုး လို့ ဆူ နေ p ဘယ်ဂတတောင်းစား လည်း တဲ့,0,0,0,0,0,0,,https://huggingface.co/datasets/simbolo-ai/burmese-hatespeech,
mya_736e7ddc,နိုင်ငံတကာထောင်ထဲသွားပီး,0,0,0,0,0,0,,https://huggingface.co/datasets/simbolo-ai/burmese-hatespeech,
mya_7e90b86c,ယုတ်မာ တဲ့ သူ တွေ လက် ထဲ အာဏာ အရှိန်အဝါ လေး တွေ ရှိ နေ တုန်း တော့ ယုတ် ကြ စမ်း ပေါ့ အားကိုး ရှိ လို့ ပါ အမှန်တရားပျောက် နေ တာ,0,0,0,0,0,0,,https://huggingface.co/datasets/simbolo-ai/burmese-hatespeech,
mya_c3d20668,ခွေး နဲ့ လိုးပီး များ မွေးတာ လား မ သိ,0,0,0,0,0,0,,https://huggingface.co/datasets/simbolo-ai/burmese-hatespeech,
mya_371b1863,ကမ္ဘာပတ်ကျောက်ချ ပြီး သူ မျက်စေ့ကျ တဲ့ နိုင်ငံ ကို ပိုင် မှ ရှယ်ကိုင် တာ တစ် နှစ် ကို 600$ ဘီလီယံ လောက် စစ် အသုံးစရိတ် ရှိ တဲ့ နိုင်ငံ ကို ဘယ်ကောင် မှ နဖူး တွေ့ ဒူး တွေ့ လက်တွေ့ သွား ပြီး ဖင်မယား ရဲဘူးယား တဲ့ ကောင်ခံ ရ တာ ပဲ,0,0,0,0,0,0,,https://huggingface.co/datasets/simbolo-ai/burmese-hatespeech,
mya_162e7c16,ဘယ်​ဂျောင် ဂြို ​​ ဂျား က​နေ​ဟောင်​နေ တာ လဲ အရပ်ပျက် မ ကြီး ရဲ့။,0,0,0,0,0,0,,https://huggingface.co/datasets/simbolo-ai/burmese-hatespeech,
mya_21b33878,အသက်ရှင်စဉ်သဌေးကြီးတဲ့သေတော့ခွေးကြီးဒါမျိုးပေါ့,0,0,0,0,0,0,,https://huggingface.co/datasets/simbolo-ai/burmese-hatespeech,
mya_7661553a,အဲ့လိုပဲဘတ်ကန်နေလီးပဲညိမ်းချမ်းလိမ့်မယ်အခြေနေပေးသလောက်နဲ့ညိမ်းချမ်းရေးလုပ်မယ်မရှိဘူး,0,0,0,0,0,0,,https://huggingface.co/datasets/simbolo-ai/burmese-hatespeech,
mya_40f9cc55,သြော် မဆဲချင်ပေမဲ့ဆဲရအု့းမယ်ငါလိုးမသားဇာဂနာပျိုးထမ်းတဲ့တံဖိုးနစဖက်ချွန်,0,0,0,0,0,0,,https://huggingface.co/datasets/simbolo-ai/burmese-hatespeech,
mya_261a89a4,ရွှေဝါ ရောင် အရေးခင်း က ကမ္ဘာကျော် သွား တယ် ခု မင်း တို့ အရေးအခင်း က မသာ ပေါ် ဖို့ ပဲ ရှိ တယ် ။,0,0,0,0,0,0,,https://huggingface.co/datasets/simbolo-ai/burmese-hatespeech,
mya_a0cd29a2,အားနေ ဘလိန်းမနေနဲ့ စောက်ဖုတ်ထဲလက်နှိုက်နေလိုက်,0,0,0,0,0,0,,https://huggingface.co/datasets/simbolo-ai/burmese-hatespeech,
mya_7e7bf9b9,ယုတ်မာ သူ အားလုံး ထမင်းစား တိုင်း ၊ ည အိပ်ယာ ဝင် တိုင်း ယုတ်မာ ခဲ့ ဖူး သမျှ ပြန် တွေး မိ ပါ စေ,0,0,0,0,0,0,,https://huggingface.co/datasets/simbolo-ai/burmese-hatespeech,
mya_a849cdf4,မင်းမေလိုးသက်သက်ခိုင်လိုက်စည်းရုံးနေတာကြမပြောဘူး,0,0,0,0,0,0,,https://huggingface.co/datasets/simbolo-ai/burmese-hatespeech,
mya_c040eb3b,ဘယ်လောက် လုံလုံခြုံ ခြုံ ဝတ် ထား လည်း စိတ်လုံခြုံ ဖို့ လို တာ ပါ တဲ့ ။ အေးချမ်း လိုက် တာ ။ ကိုယ် ဆို ရင် တော့ လဲကျ သွား ရင် ပြေးကန် မှာ ။ ဆွဲ ထူမ နေ ဘူး ဒီ လို လူစား ကို,0,0,0,0,0,0,,https://huggingface.co/datasets/simbolo-ai/burmese-hatespeech,
mya_d0af65f1,အရူးမကြီးပါကွာ,0,0,0,0,0,0,,https://huggingface.co/datasets/simbolo-ai/burmese-hatespeech,
mya_7dfd7ee7,မိမ နိုင် ဖမ နိုင်မသားသမီး တွေ,0,0,0,0,0,0,,https://huggingface.co/datasets/simbolo-ai/burmese-hatespeech,
mya_dafc1f92,အောက်တန်းစား အမျိူး အနွယ် တွေ လေ,0,0,0,0,0,0,,https://huggingface.co/datasets/simbolo-ai/burmese-hatespeech,
mya_af678437,အရူးစကား ချီးစားပြောတောင် ယုံရခတ်,0,0,0,0,0,0,,https://huggingface.co/datasets/simbolo-ai/burmese-hatespeech,
mya_76410815,အမှန် သိ တဲ့ လူ က ဖြေ‌ ပေး ရင် ရ နေ တာ ကို ဘာ တွေ အရမ်း ဖြစ် နေ တာ လဲ,0,0,0,0,0,0,,https://huggingface.co/datasets/simbolo-ai/burmese-hatespeech,
mya_cd84884e,မင်း အမေဘာ စောက် သုံး ကျ လို့ ဖာဆန် ပြီး အူ နေ ရ တာ လဲ မ ပြော ချင် တော့ ပါ ဘူး ။,0,0,0,0,0,0,,https://huggingface.co/datasets/simbolo-ai/burmese-hatespeech,
mya_f471ea63,မဲမဲမြင် အကုန်ပြေးကိုက်နေလိုက်,0,0,0,0,0,0,,https://huggingface.co/datasets/simbolo-ai/burmese-hatespeech,
mya_97fe136e,ပြည်သူ့ အစိုးရ ဆို တာ ဒါ တွေ ရှင်း ရင်း မ တရား အဖွဲ့ ‌ ေ တွ ကို မြေလှန် ရ မှာ လေ ။ စာအုပ် အစိမ်း ကိုင် ထား တာ သူ တို့ ကိုယ်တိုင် ဖြစ် နေ လား စဉ်းစား မိ လား မ သိ ။,0,0,0,0,0,0,,https://huggingface.co/datasets/simbolo-ai/burmese-hatespeech,
mya_79118ebd,ဖင်ပြေးခံလိုက်လေ,0,0,0,0,0,0,,https://huggingface.co/datasets/simbolo-ai/burmese-hatespeech,
mya_5aacfe64,ဟိုမအေလိုး ဒေါက်တာ တယောက် ရှိ သေး တယ်,0,0,0,0,0,0,,https://huggingface.co/datasets/simbolo-ai/burmese-hatespeech,
mya_e9c7583d,စိတ်ညစ်ဖို့ အရမ်း ကောင်း တာ ပဲအစ် ကို တွေ မောင် တွေ မရှက် ကျ ဘူး လား မ သိ ဘူး အဲ မျက်နှာ နွေ လဲ ဘယ် စောက် ဖုက် ကျား ရောက် နေ လဲ မ သိ ဘူး နော်,0,0,0,0,0,0,,https://huggingface.co/datasets/simbolo-ai/burmese-hatespeech,
mya_21c0cb4b,ဟားဟားဟားဟား တော်တော်ရေးတတ်တယ်ပြည်ခိုင်ဖြိုးမဟုတ်ဘူး ပြည်ထိုင်ခိုးကုလာထိုင်မှာထိုင်ပြီးခိုးလို့,0,0,0,0,0,0,,https://huggingface.co/datasets/simbolo-ai/burmese-hatespeech,
mya_30107002,ာက်ရှက်ကို အိမ်သာထဲ ထည့်ပြီး ရင်းထားတာ မပြောကြပါနဲ့ တော်ရုံစောက်ရှက်နဲ့လုပ်ထားတာမဟုတ်လို့,0,0,0,0,0,0,,https://huggingface.co/datasets/simbolo-ai/burmese-hatespeech,
mya_d0c93f9f,ကညန = ဖာ သည် မမူဝါ ဒ,0,0,0,0,0,0,,https://huggingface.co/datasets/simbolo-ai/burmese-hatespeech,
mya_5878f691,မင်း တို့ သူခိုးမ အေလိုး တွေ ကြောင့် ပညာသင် ရ မဲ့ အရွယ် ကလေး တွေ မတန်တဆ အလုပ် လုပ် နေ ကြ ရ တာ မိသားစု ဝမ်း ရေး အတွက် သိ သလား ငါ လိုး မ သား,0,0,0,0,0,0,,https://huggingface.co/datasets/simbolo-ai/burmese-hatespeech,
mya_b7bbf65d,အံမယ်ဘောပြားကိုထားခဲ့မယ်ဘောအစစ်ကိုကိုင်ချင်တယ်အဲ့ ဒ လို လား,0,0,0,0,0,0,,https://huggingface.co/datasets/simbolo-ai/burmese-hatespeech,
mya_93d0d2c2,မြန်မာ့ တပ်မတော် မ ရှိ တော့ ဘူး မုဒိမ်းကြည့် တပ်မတော် ဘဲ ရှိ တော့ တဲဂိုင်းချုပ် က မင်အောင် လှိုင်,0,0,0,0,0,0,,https://huggingface.co/datasets/simbolo-ai/burmese-hatespeech,
mya_c873f9ae,အေးဗျာ ဘယ် နိုင်ငံ သွား သွား မြန်မာ ငွေ နဲ့ လဲ ပေး နိုင် အောင် အရင် လုပ် ကြ ပါ အုံး,0,0,0,0,0,0,,https://huggingface.co/datasets/simbolo-ai/burmese-hatespeech,
mya_0a6ff611,မင်းကိူ မင်း အတတ်ကြီး ထင်မ နေနက် သိလား မင်း လည်း ဘယ်ဘ၀ က တက် လာ လည်း ဆို တာ သိမင်း မင်း စောက် ခွက် က ဘာ မို့ လို့ လည်း မေလိုးမ အေလိုး ကို ဖင် ကို လိုး,0,0,0,0,0,0,,https://huggingface.co/datasets/simbolo-ai/burmese-hatespeech,
mya_d7a50af3,ကိုယ်နေရာရဖို့ ကာပုကို သွားဖား,0,0,0,0,0,0,,https://huggingface.co/datasets/simbolo-ai/burmese-hatespeech,
mya_b1df4f39,နှား ဘူး ထ လို့ နန်းပျောက် တာ သယ် စရာ အကြောင်း မ ရှိ ပါ,0,0,0,0,0,0,,https://huggingface.co/datasets/simbolo-ai/burmese-hatespeech,
mya_ad35b303,သေချင်း ဆိုး နဲ့ သေ ချင် လို့ လား,0,0,0,0,0,0,,https://huggingface.co/datasets/simbolo-ai/burmese-hatespeech,
mya_71b37476,ဖာခေါင် တွေ ဖာမ တွေ လား,0,0,0,0,0,0,,https://huggingface.co/datasets/simbolo-ai/burmese-hatespeech,
mya_d607e98a,ကောင်မလေး က ဖြူဆွတ် နေ တာ ဟို အဆိုတော် က မဲတော့ သူတော်တော် ဒုက္ခရောက် မှာ သေခြာ တယ် ဂျပန် ကား တွေ ကြည့် ပြီး ဘာ တွေ လုပ် ခိုင်း လဲ မှ မ သိ တာ နောက် ကြောင်း ပြန် မ လှည့် ချင် တော့ ဘူတဲ့ သနား ပါ တယ် ကွာ,0,0,0,0,0,0,,https://huggingface.co/datasets/simbolo-ai/burmese-hatespeech,
mya_d8102a86,သနာ တယ်ပူတင် ရေအဘပုဆို မြစ် ကြီးနား လူစီး သ​ဘော် ကို တပ်တော်သွင်း လိုက် ပြီ,0,0,0,0,0,0,,https://huggingface.co/datasets/simbolo-ai/burmese-hatespeech,
mya_7025763d,မအေးလိုးလီး ရုပ် နဲ့ ကွာ,0,0,0,0,0,0,,https://huggingface.co/datasets/simbolo-ai/burmese-hatespeech,
mya_2e3e614c,ချစ်ဆုံးရယ် မင်းအော ကား လေး တေ ကြည့် ဖူး ပါ တယ် အရမ်း ဆွဲဆောင် မူ ရှိ တာ ပဲ,0,0,0,0,0,0,,https://huggingface.co/datasets/simbolo-ai/burmese-hatespeech,
mya_0403f1ac,မင်း တို့ မ ရှိ လဲ ဘား မှ မ ဖြစ် ဘူး စောက် ရှက် ဆို တာ ဘာမှန်း မ သိ တဲ့ တိရစ္ဆာန် တွေ ။,0,0,0,0,0,0,,https://huggingface.co/datasets/simbolo-ai/burmese-hatespeech,
mya_96453759,နာမည် အသစ် လေး ရ သွား တာ ပေါ့ထန်းပင် မ,0,0,0,0,0,0,,https://huggingface.co/datasets/simbolo-ai/burmese-hatespeech,
mya_45d6742a,ဘာခိုး ရ မလဲ လာ ကြည့် တာ ဖြစ် မယ်,0,0,0,0,0,0,,https://huggingface.co/datasets/simbolo-ai/burmese-hatespeech,
mya_7fa266dc,စောက်ဆံ ပေး ရင် ဖင် ပါ လိုး လို့ ရ တဲ့ အထဲ မှာ မင်း တို့ ရဲ တွေ ထိပ်ဆုံး က ဘဲ ။,0,0,0,0,0,0,,https://huggingface.co/datasets/simbolo-ai/burmese-hatespeech,
mya_d26283b8,အရမ်းကိုတော် အရမ်းကိုတတ်တဲ့ ဘက်စုံပါရမီရှင်ကာချုပ်ပါ စစ်နိုင်အောင်မတိုက်တတ်တာလေးတစ်ခုပဲ ပြောစရာအပြစ်ရှိတာ😁😁,0,0,0,0,0,0,,https://huggingface.co/datasets/simbolo-ai/burmese-hatespeech,
mya_da92ae63,တစ်ကောင်ချင်းရိုက်သတ်မလို့နအေလိုးလေးတွေစောက်မှန်းကန်းမှန်းမသိ,0,0,0,0,0,0,,https://huggingface.co/datasets/simbolo-ai/burmese-hatespeech,
mya_d3d9c6c1,ဖာခံစား လိုက် ဘာ မှ မ လုပ် နဲ့,0,0,0,0,0,0,,https://huggingface.co/datasets/simbolo-ai/burmese-hatespeech,
mya_c0773ba6,မြန် မြန် သေ ပါစေမ အေလိုး လေး,0,0,0,0,0,0,,https://huggingface.co/datasets/simbolo-ai/burmese-hatespeech,
mya_f29fa0dc,အနူလက်နဲ့ရွှေခွက်နှိုက်လို့ မရဘူးလေ။,0,0,0,0,0,0,,https://huggingface.co/datasets/simbolo-ai/burmese-hatespeech,
mya_93903989,ဘာ များ လှ နေ လို့ လဲ,0,0,0,0,0,0,,https://huggingface.co/datasets/simbolo-ai/burmese-hatespeech,
mya_8b5ee473,AAပေါ် ပြီး မှ ပြဿနာတခု ပြီး တခုမင်း တို့ အစွဲ နဲ့ အစွန်းရောက် တာ အရင်ပြင် လိုက် ပါ,0,0,0,0,0,0,,https://huggingface.co/datasets/simbolo-ai/burmese-hatespeech,
mya_112365e2,အန်အယ်ဒီပါတီငနီငပိန်း ထမိန်ခြုံ အနံ့ခံ,0,0,0,0,0,0,,https://huggingface.co/datasets/simbolo-ai/burmese-hatespeech,
mya_65202853,လီး နဲ့ ကြိုမယ် ငါ လိုး မ,0,0,0,0,0,0,,https://huggingface.co/datasets/simbolo-ai/burmese-hatespeech,
mya_77cd3e70,ရူး နေ လာ,0,0,0,0,0,0,,https://huggingface.co/datasets/simbolo-ai/burmese-hatespeech,
mya_4d336f01,စောက်ပဲ တွေ က များ လိုက် တာ,0,0,0,0,0,0,,https://huggingface.co/datasets/simbolo-ai/burmese-hatespeech,
mya_075883d7,ဘယ်လို ပြော ရမှန်း ကို တောင် မ သိ စောက်ရမ်း လမ်းပျောက် နေ ပီ,0,0,0,0,0,0,,https://huggingface.co/datasets/simbolo-ai/burmese-hatespeech,
mya_812e5745,သူ များ ကို ပြော နေ မယ့် အစားကိုယ့်စောက် အဆင့်အတန်း ကို ကိုယ် အရင် ကြည့် ။,0,0,0,0,0,0,,https://huggingface.co/datasets/simbolo-ai/burmese-hatespeech,
mya_93e84454,ဘယ်လို မသာ လဲဟ ။,0,0,0,0,0,0,,https://huggingface.co/datasets/simbolo-ai/burmese-hatespeech,
mya_a63afda8,မျက်မှန် နဲ့ ဆို တော့ လီးရုပ်ပေါက် သွား တယ်,0,0,0,0,0,0,,https://huggingface.co/datasets/simbolo-ai/burmese-hatespeech,
mya_b61a6f34,စောက်ရူး မ,0,0,0,0,0,0,,https://huggingface.co/datasets/simbolo-ai/burmese-hatespeech,
mya_94408e13,မြန်မာ တပြည်လုံး ကို ဒုက္ခ အပေးဆုံး ဂြိုလ် သား,0,0,0,0,0,0,,https://huggingface.co/datasets/simbolo-ai/burmese-hatespeech,
mya_a3c20521,လျောက်မဟုတ်တာတွေပြောနေတာပြည်သူတွေကငပိန်မဟုတ်တောဘူးဟားဟားအာမညောင်းဘူးလား,0,0,0,0,0,0,,https://huggingface.co/datasets/simbolo-ai/burmese-hatespeech,
mya_5607828c,ချီးမြှောက် ထိုက် သူ ကို ချီးမြှောက် တဲ့ အတွက် ဝမ်းသာ ပါ တယ် .. မြန်မာ ဘောလုံး အသင်း အတွက် အကုန်ခံ နေ တဲ့ ငွေ တွေ အတွက် တော့ နှမြော မိ တယ် . .,0,0,0,0,0,0,,https://huggingface.co/datasets/simbolo-ai/burmese-hatespeech,
mya_f6664814,ငါ လိုးမ အစိုးရ ​ တွေ ​ ကြောင် ​့ ​ ငွေ ​ကြေး​ တွေ ​ ဖောင် ​း ရ ​ နေ တာ ။,0,0,0,0,0,0,,https://huggingface.co/datasets/simbolo-ai/burmese-hatespeech,
mya_67a91c22,မင်း သတ္တိ ရှိ ၇င် မင်း ရှိ တဲ့ နေ၇ ာ ပြော ငါ လာ မယ် မေလိုး မိန်းမ လို မိန်မ ၇နက် ကို ဖင်ကိူလိုး မေ လိုးသေ ခြင်း ဆိုး စောက် ချိုး လေး တေ ပြူးင်,0,0,0,0,0,0,,https://huggingface.co/datasets/simbolo-ai/burmese-hatespeech,
mya_f716647a,မိန်းမရုတ်ကြီး,0,0,0,0,0,0,,https://huggingface.co/datasets/simbolo-ai/burmese-hatespeech,
mya_c5db092f,အကျိုး ပေး တာ မ ဟုတ် ဘူး နင် ပဲ အကျိုး ရအောင် စောက် စကား ကို ပြော တာ လေဒီ ယုန် မြင် လို့ ဒီ ချုံထွင် တာ ကို များ,0,0,0,0,0,0,,https://huggingface.co/datasets/simbolo-ai/burmese-hatespeech,
mya_d48cb25d,အပေါကောင်,0,0,0,0,0,0,,https://huggingface.co/datasets/simbolo-ai/burmese-hatespeech,
mya_1ac768b0,ဒီ မအေလိုး ကို သက် ပေး ရင် ဘယ်လောက် ပေး ကြ မ လဲ,0,0,0,0,0,0,,https://huggingface.co/datasets/simbolo-ai/burmese-hatespeech,
mya_b01fa564,အခု ကျ ပါးစပ် က ပြန် စိ မ ရ တော့ ဘူး နော်,0,0,0,0,0,0,,https://huggingface.co/datasets/simbolo-ai/burmese-hatespeech,
mya_cebc360f,လီးကိုကြီး မေလိုးထိပ်ပြောင်,0,0,0,0,0,0,,https://huggingface.co/datasets/simbolo-ai/burmese-hatespeech,
mya_7f0d175d,ဆပ်ပြာကောင်းလို့ခေါင်းပေါင်းဖြူတာကို မေလိုးကသွေးနထင်ရောက်,0,0,0,0,0,0,,https://huggingface.co/datasets/simbolo-ai/burmese-hatespeech,
mya_0bbd81ed,အေကိုက်ခံနေရတာက စစ်တပ်မတော်ကိုယ်ရဲ့ရောဂါအခြေအနေကို ကိုယ်သာအသိဆုံးမို့ကာလုံခေါ်ဖို့ပြောတာကြာနေပြီးရခိုင်ကို အထင်သေးလို့ဖြစ်လာတဲ့ မီးစပဲအဲ့ဒါ,0,0,0,0,0,0,,https://huggingface.co/datasets/simbolo-ai/burmese-hatespeech,
mya_997cfba1,စာနာ စိတ်မရှိ သူ,0,0,0,0,0,0,,https://huggingface.co/datasets/simbolo-ai/burmese-hatespeech,
mya_151403c8,စစ်တပ် က အုပ်ချုပ် နေ သ ၍ တော့ ဒီ နှိုင်ငံ နောက်ထပ် နှစ် ပေါင်း တစ်သောင်း ဆို ရင် လည်း ဒီ တိုင်း ပဲ သွား မှာ,0,0,0,0,0,0,,https://huggingface.co/datasets/simbolo-ai/burmese-hatespeech,
mya_9a6850ff,စောက်လုံးလည်း ပြူးပြဲကြည့်,0,0,0,0,0,0,,https://huggingface.co/datasets/simbolo-ai/burmese-hatespeech,
mya_ef3598b0,လင်ဗန်းခြင်းရိုက် ကျားကြီးကိုက်,0,0,0,0,0,0,,https://huggingface.co/datasets/simbolo-ai/burmese-hatespeech,
mya_86c3e03b,ဖွတ်ခွေး တွေ အခု ချိန် မှာ အရှူးမီးဝိုင်း သလို ခံစား နေ ရ ပါ တယ်....... .,0,0,0,0,0,0,,https://huggingface.co/datasets/simbolo-ai/burmese-hatespeech,
mya_7960662d,မင့်ဖင် ငါ လိုး နေ လို့ လား ။,0,0,0,0,0,0,,https://huggingface.co/datasets/simbolo-ai/burmese-hatespeech,
mya_eb8013dd,အဲဒီကောင်ကအရူးလက်မရထားတယ်ထင်တယ်ဘုန်းကြီးကျောင်းလဲမရောက်ဖူးဘူးစစ်တပ်မှာလဲမရောက်ဖူးဘူးမနက်မိုးလင်းခရာသံလဲမကြားဖူးဘူးတုံးခေါက်သံလဲသူမကြားဖူးဘူးထင်တယ်သူတို့တာဝန်နဲသူတိုလုပ်ကြတာလေခွေးမျိုးမဆဲချင်လဲဆဲနေရတယ်,0,0,0,0,0,0,,https://huggingface.co/datasets/simbolo-ai/burmese-hatespeech,
mya_fc7e3f55,မင်းတို့ကိုချီးငုံပြောတာတောင်မယုံတော့ဘူး,0,0,0,0,0,0,,https://huggingface.co/datasets/simbolo-ai/burmese-hatespeech,
mya_4fbc5ad1,ဒီ သောက်ပု ရဲ့ အ‌ရည်မ ရ အဖတ်မ ရ စကား တွေ ကို အတော်သီးခံ ပြီး နားထောင် နေ ရ တယ် ။,0,0,0,0,0,0,,https://huggingface.co/datasets/simbolo-ai/burmese-hatespeech,
mya_40ee8878,မျက်​နှာ လာ မ ​ပြောင်​ နဲ့ ​ သောက် ​ ခွက် ​​ တွေ ချည် ​ းဖြတ် ​ ရိုက်​ ပစ်​ မှာ ။,0,0,0,0,0,0,,https://huggingface.co/datasets/simbolo-ai/burmese-hatespeech,
mya_69de2dab,အရှက်မရှိရအောင် နင်မျက်နှာ ရှေ့ လီးလှန်ပြနေလို့လား,0,0,0,0,0,0,,https://huggingface.co/datasets/simbolo-ai/burmese-hatespeech,
mya_d8c11661,သူ့ အဘ သူခိုး တွေ က လိမ်တာ လေ,0,0,0,0,0,0,,https://huggingface.co/datasets/simbolo-ai/burmese-hatespeech,
mya_107379d9,ပွဲ့ က တော့ ကြည့် ကောင်း လိမ့် မယ်တာ နဲ့ စကား မစပ် မြန်မာ သခိုး ကြီး ဘော်ချုပ် တွေ နည်းနည်း အတုယူ စေ ချင် တယ်,0,0,0,0,0,0,,https://huggingface.co/datasets/simbolo-ai/burmese-hatespeech,
mya_3430067d,ရိုင်း တယ် လို့ တော့ မ ထင် ပါ နဲ့ ကျွန်တော် ပဲ ဆက် ပြော လိုက် မယ်လီးစား တဲ့ ကောင်,0,0,0,0,0,0,,https://huggingface.co/datasets/simbolo-ai/burmese-hatespeech,
mya_eef984ca,ခွေဖြစ်ချင်တယ်နဲတူတယ်သနားဖို့ကောင်လိုက်တာ,0,0,0,0,0,0,,https://huggingface.co/datasets/simbolo-ai/burmese-hatespeech,
mya_9f39f62c,ကျပ် မ ပြည့် တဲ့ သောက် ပေါ ကောင်,0,0,0,0,0,0,,https://huggingface.co/datasets/simbolo-ai/burmese-hatespeech,
mya_b9cd1a11,ရာသက်ပန်ပိတ်ပါဒီကောင်စောက်ခွက်မမြင်ရလေကောင်လေဘဲမအေလိုးလေး,0,0,0,0,0,0,,https://huggingface.co/datasets/simbolo-ai/burmese-hatespeech,
mya_f762d84d,နင့်ကျ မှ မိုက်ရိုင်းတာ ကိုယ် လုပ် ဖူး တဲ့ အလုပ် တွေ သူ များ တကာ ကို့ လာ မ လုပ်ခိုင်း နဲ့ ။,0,0,0,0,0,0,,https://huggingface.co/datasets/simbolo-ai/burmese-hatespeech,
mya_8bef7772,ငါလိုးမသားအောင်မျိုးမင်းစောက်ရူးပဲ,0,0,0,0,0,0,,https://huggingface.co/datasets/simbolo-ai/burmese-hatespeech,
mya_cd560bb1,လီးကို အမျိုးပျောက်ပါလား စောက်ရူးရဲ့,0,0,0,0,0,0,,https://huggingface.co/datasets/simbolo-ai/burmese-hatespeech,
mya_456ce6e0,ကာပုနဲ့သန်းဌေးကိုပဲ အဖေနေရာထားကိုးကွယ်,0,0,0,0,0,0,,https://huggingface.co/datasets/simbolo-ai/burmese-hatespeech,
mya_40a57f7e,ခွေးစကားနားလည်တော့ အလုပ်ဖြစ်တယ် အိမ်ကခွေးက ဟောင်ပဲဟောင်နေ အာ့ဘာလို့ဟောင်လဲ သိချင်လို့,0,0,0,0,0,0,,https://huggingface.co/datasets/simbolo-ai/burmese-hatespeech,
mya_349ee9ac,အပျိုလဲ ဟုတ် ပဲ နဲ့ ဆု ရ တယ် ဆို ပဲ အေး နေဝင်း ဘွတ် ထား လို့ ဖွတ် လ မွတ်ကျေ နေ ပြီ,0,0,0,0,0,0,,https://huggingface.co/datasets/simbolo-ai/burmese-hatespeech,
mya_e6604302,ယောက်ျားနာမည်နဲ့ မိန်းမပုံကြီးတင်ထားကတည်းက ဖင်ခံကောင်ကြီးမှန်းလူသိတယ်။,0,0,0,0,0,0,,https://huggingface.co/datasets/simbolo-ai/burmese-hatespeech,
mya_4d72f947,ချီးထက်ပိုရွံတယ်,0,0,0,0,0,0,,https://huggingface.co/datasets/simbolo-ai/burmese-hatespeech,
mya_76590bcf,ခွေးကလားလီစကား မပြောနဲ့,0,0,0,0,0,0,,https://huggingface.co/datasets/simbolo-ai/burmese-hatespeech,
mya_378a3506,အရှက် က တော့ တော်တော် မ ရှိ ကြ တာ ဘဲ မျက်နှာလဲတော် ၂ ပြောင် ကြ တယ်,0,0,0,0,0,0,,https://huggingface.co/datasets/simbolo-ai/burmese-hatespeech,
mya_75a97e14,ကမ္ဘာ မှာ ဒီကောင် တွေ ရှိ နေ သမျှ ဘယ်တော့ မှ အေးချမ်း မှာ မ ဟုတ် ဘူး ပြဿနာ မီ မွှေး တဲ့ အကောင် တွေ အပြတ် သာ ဆော် ပြစ်,0,0,0,0,0,0,,https://huggingface.co/datasets/simbolo-ai/burmese-hatespeech,
mya_dea17956,စောက် လုပ် အရှုပ်ဆုးံ သူပုန် က AA ။,0,0,0,0,0,0,,https://huggingface.co/datasets/simbolo-ai/burmese-hatespeech,
mya_51a2c67d,ထမိန်ကြားကအသက်ရှူမဝလို့အခုမှထွက်လာတာ,0,0,0,0,0,0,,https://huggingface.co/datasets/simbolo-ai/burmese-hatespeech,
mya_664ee03c,သူ များ အောက် အရှက် မ ရှိ လာ ဟောင် ကြ တယ် နော်ယူ တို့ ။,0,0,0,0,0,0,,https://huggingface.co/datasets/simbolo-ai/burmese-hatespeech,
mya_7ab5cda9,ဘာသာကို ဖျတ်နေတဲ့ဟာတွေ,0,0,0,0,0,0,,https://huggingface.co/datasets/simbolo-ai/burmese-hatespeech,
mya_4824e698,ဟေကောင်မြို က ခွေမဲလီစကား မ ပြောနဲကွ ချီးစား တဲခွေ မဲ ရဲ,0,0,0,0,0,0,,https://huggingface.co/datasets/simbolo-ai/burmese-hatespeech,
mya_850a7a05,သူတော်ကောင်း စောက် ခွက် ကလီးသရေ ရှိ လိုက် တာ,0,0,0,0,0,0,,https://huggingface.co/datasets/simbolo-ai/burmese-hatespeech,
mya_11c2010b,စောက်ဆင့်မရှိဘဲ လူကြီးလုပ်နေသေး ဖွတ်ကြား,0,0,0,0,0,0,,https://huggingface.co/datasets/simbolo-ai/burmese-hatespeech,
mya_cfe05be1,မင်းပါစပ်ကလီးနဲ့ထိုးခံရတာလား ထော်နေလို,0,0,0,0,0,0,,https://huggingface.co/datasets/simbolo-ai/burmese-hatespeech,
mya_167540d9,လီးလို ဘဲ ဟို က လွှတ် ပေး လိုက် ပီလေ ကွ,0,0,0,0,0,0,,https://huggingface.co/datasets/simbolo-ai/burmese-hatespeech,
mya_c0c7f441,သောက်ရူးပြောတာ သောက်ပေါပဲယုံတယ်,0,0,0,0,0,0,,https://huggingface.co/datasets/simbolo-ai/burmese-hatespeech,
mya_7487c225,စောက်ရှက်တရား လေး တော့ ရှိ ပါ,0,0,0,0,0,0,,https://huggingface.co/datasets/simbolo-ai/burmese-hatespeech,
mya_f989dc31,ခွေးပြော ခွေးယုံ,0,0,0,0,0,0,,https://huggingface.co/datasets/simbolo-ai/burmese-hatespeech,
mya_ddd19b38,မိသားစု တစ် စု အတွက် ခင်ဗျား မုသား သုံး ရ တာ မ ရှက် ဖူး လား ။,0,0,0,0,0,0,,https://huggingface.co/datasets/simbolo-ai/burmese-hatespeech,
mya_6cc0b309,ဟောင် ပြန် ပြီ ကွာအိပ်ရေး ပျက် တယ်,0,0,0,0,0,0,,https://huggingface.co/datasets/simbolo-ai/burmese-hatespeech,
mya_a03ae26e,ဉီးနှောက်မသူံးပဲ ဖင်ပဲသုံးနေလိုက်,0,0,0,0,0,0,,https://huggingface.co/datasets/simbolo-ai/burmese-hatespeech,
mya_ab0f014c,အ​ခြောက်,0,0,0,0,0,0,,https://huggingface.co/datasets/simbolo-ai/burmese-hatespeech,
mya_a4d1d834,လိုးလင်တွေကို ထိလို့နာနေတာလား,0,0,0,0,0,0,,https://huggingface.co/datasets/simbolo-ai/burmese-hatespeech,
mya_3daced1f,လူလိမ်ကြီးများပေါ်ကုန်ပြီ,0,0,0,0,0,0,,https://huggingface.co/datasets/simbolo-ai/burmese-hatespeech,
mya_cd1a1db1,နိုင်ငံ့ ခေါင်းဆောင် လုပ်ဖို့ စိတ်ကူးထားရင်လည်း စကားလုံးတိုင်းကို အဆင့်အတန်း ရှိရှိသုံးနှုံး ပါ ခွေးသူခိုး ရယ် အခု မိနစ်ပိုင်းလေးမှာ သုံးနှုံးထားတဲ့ စကားလုံးတွေမှာတောင် အောက်တန်းကျတဲ့ စကားလုံးတွေ ပါနေမှတော့ နိုင်ငံတနိုင်လုံးရဲ့ ခေါင်းဆောင်နေရာကို မင်းလိုလူမျိုးကို ပေးစရာလား အောက်တန်းစား ဖွတ်ကြီးရယ်,0,0,0,0,0,0,,https://huggingface.co/datasets/simbolo-ai/burmese-hatespeech,
mya_c9cd0316,စောက် ပို တွေ ။,0,0,0,0,0,0,,https://huggingface.co/datasets/simbolo-ai/burmese-hatespeech,
mya_706af633,စောက် ပုံ မလား ဘူး လူ ကောင် လိုလို ဘာ လိုလို နဲ့ အထင်မ ကြီး ခွေး ကလေး တွေ,0,0,0,0,0,0,,https://huggingface.co/datasets/simbolo-ai/burmese-hatespeech,
mya_eb47f419,လက်ခလယ် ပဲ ထောင် ပြ ရ တာ ရိုး လာ လို့ လက်ညိုး လာထောင် ပြ တာ,0,0,0,0,0,0,,https://huggingface.co/datasets/simbolo-ai/burmese-hatespeech,
mya_0f4bd95f,ရွံ ဖို့ ကောင်း လိုက် တာ,0,0,0,0,0,0,,https://huggingface.co/datasets/simbolo-ai/burmese-hatespeech,
mya_164507f7,ကလိမ် က ကျစ်လုပ်ပီးဆု ရထား တာ လိမ်ညာပီ အေးမြဖြူ က မှ အဖြူ ရောင် သန့်သန့် လေး,0,0,0,0,0,0,,https://huggingface.co/datasets/simbolo-ai/burmese-hatespeech,
mya_9d25d76d,အဲ့တော့ မင်းမေလိုး ဖြစ်လား ငါ့မိန်းမကို ဘားပြောစရာမလိုဘူ,0,0,0,0,0,0,,https://huggingface.co/datasets/simbolo-ai/burmese-hatespeech,
mya_1ccdf522,မရလည်း သေကြအေ,0,0,0,0,0,0,,https://huggingface.co/datasets/simbolo-ai/burmese-hatespeech,
mya_ba8d98fc,ကိုဖီအာနန်ကဲ့သို့ နိုင်ငံခြားသား၉၀ကျော်တိုင်းပြည်ဘဏ္ဍာငွေဖြင့်ငှါးရမ်းအုပ်ချုပ်ချင်ပါသေးသတဲ့,0,0,0,0,0,0,,https://huggingface.co/datasets/simbolo-ai/burmese-hatespeech,
mya_da601f31,လီးသီချင်း လား,0,0,0,0,0,0,,https://huggingface.co/datasets/simbolo-ai/burmese-hatespeech,
mya_74d2f275,လူတစ်ယောက်ပုံစံ ပြောဆိုပုံ စရိုက်ဆိုတာ မိဘနဲ့တိုက်ရိုက်အချိုးကျတယ်,0,0,0,0,0,0,,https://huggingface.co/datasets/simbolo-ai/burmese-hatespeech,
mya_5696ec82,သောက်ဆင့် ကybs သုံး နှစ် ကို အမြတ်မ ရ တဲ့ သောက်ဆင့် ရှယ်ယာ သမား တွေ ဘဏ် ထဲ ထည့် တာ က မှ့ကျိန်း သေ အတိုး ရ အုံး မယ်,0,0,0,0,0,0,,https://huggingface.co/datasets/simbolo-ai/burmese-hatespeech,
mya_396f312b,ဖာသယ်မ တေရယ် လိုင်း ပေါ် မ တက် ကြ ပါ နဲ့ နင် တို့ အစား ငါ ရှက် လို့,0,0,0,0,0,0,,https://huggingface.co/datasets/simbolo-ai/burmese-hatespeech,
mya_629556ae,လီးအဖွဲ့,0,0,0,0,0,0,,https://huggingface.co/datasets/simbolo-ai/burmese-hatespeech,
mya_59c5e66e,ကျက်သရေ မ ရှိ တဲ့ ခွေး သူ တောင်းစား တွေ မ ဟုတ် တာ တွေ ကို ဘဲ့ ပြော ချင် သလို ပြော နေ တာ ပစပ်စောက် ဖုပ် မှား ပြီး မွေး လာ တဲ့ အကုသိုလ်ကောင် တွေ ဘဲ ။,0,0,0,0,0,0,,https://huggingface.co/datasets/simbolo-ai/burmese-hatespeech,
mya_d7c9bc7e,ဘယ်တော့ မှ စစ်တပ် က အရေးယူ မှာ မ ဟုတ်,0,0,0,0,0,0,,https://huggingface.co/datasets/simbolo-ai/burmese-hatespeech,
mya_e1b42f4f,ဦးနှောက် က ခေါင်း ထဲ မှာ ရှိ မှ အဆင်ပြေ မှာ နော်အမြှီး မှာ ရှိ နေ လို့ သုံး စား မ ရ တာ လား ။,0,0,0,0,0,0,,https://huggingface.co/datasets/simbolo-ai/burmese-hatespeech,
mya_75ec53b4,တနေ့ထမင်းတနပ်ဘဲစားခိုင်းတဲ့ဝန်ကြီးလောက်စိတ်ဓာတ်ယုတ်ညံ့သူတော့မတွေ့ဘူးသေးဘူး,0,0,0,0,0,0,,https://huggingface.co/datasets/simbolo-ai/burmese-hatespeech,
mya_d01bbc31,နှစ် ယောက် စလုံးလီး ရုပ်ပေါက် နေ တာ ငါ လိုး မသား ၂ ကောင် ဒဲ့ ဆဲ တယ်ကွါလီး ပဲ,0,0,0,0,0,0,,https://huggingface.co/datasets/simbolo-ai/burmese-hatespeech,
mya_f3f11aa4,လိမ်ညာရှင်ပြောစမ်းပါ🤩,0,0,0,0,0,0,,https://huggingface.co/datasets/simbolo-ai/burmese-hatespeech,
